date,new_deaths,X7_day_ma_deaths,new_cases,X7_day_ma_cases,total_cases,total_deaths,oil_price,treasury_10_2_spread,avg_hourly_wages,cpi_energy,cpi_food,housing_price_index,black_ur,pce_inflation,total_population,u6,ur,real_gdp,public_debt
1/1/2019,NA,NA,NA,NA,NA,NA,#N/A,#N/A,27.6,-11.332,4.147,8.102,7,2,327776.541,8,4,18833.195,22027880
1/2/2019,NA,NA,NA,NA,NA,NA,54.06,0.16,NA,NA,NA,NA,NA,NA,NA,NA,NA,NA,NA
1/3/2019,NA,NA,NA,NA,NA,NA,53.23,0.17,NA,NA,NA,NA,NA,NA,NA,NA,NA,NA,NA
1/4/2019,NA,NA,NA,NA,NA,NA,55.64,0.17,NA,NA,NA,NA,NA,NA,NA,NA,NA,NA,NA
1/7/2019,NA,NA,NA,NA,NA,NA,57.1,0.17,NA,NA,NA,NA,NA,NA,NA,NA,NA,NA,NA
1/8/2019,NA,NA,NA,NA,NA,NA,56.91,0.15,NA,NA,NA,NA,NA,NA,NA,NA,NA,NA,NA
1/9/2019,NA,NA,NA,NA,NA,NA,59.46,0.18,NA,NA,NA,NA,NA,NA,NA,NA,NA,NA,NA
1/10/2019,NA,NA,NA,NA,NA,NA,60.47,0.18,NA,NA,NA,NA,NA,NA,NA,NA,NA,NA,NA
1/11/2019,NA,NA,NA,NA,NA,NA,59.24,0.16,NA,NA,NA,NA,NA,NA,NA,NA,NA,NA,NA
1/14/2019,NA,NA,NA,NA,NA,NA,58.8,0.18,NA,NA,NA,NA,NA,NA,NA,NA,NA,NA,NA
1/15/2019,NA,NA,NA,NA,NA,NA,58.65,0.19,NA,NA,NA,NA,NA,NA,NA,NA,NA,NA,NA
1/16/2019,NA,NA,NA,NA,NA,NA,59.81,0.18,NA,NA,NA,NA,NA,NA,NA,NA,NA,NA,NA
1/17/2019,NA,NA,NA,NA,NA,NA,59.85,0.19,NA,NA,NA,NA,NA,NA,NA,NA,NA,NA,NA
1/18/2019,NA,NA,NA,NA,NA,NA,62.04,0.17,NA,NA,NA,NA,NA,NA,NA,NA,NA,NA,NA
1/21/2019,NA,NA,NA,NA,NA,NA,62.18,#N/A,NA,NA,NA,NA,NA,NA,NA,NA,NA,NA,NA
1/22/2019,NA,NA,NA,NA,NA,NA,60.9,0.16,NA,NA,NA,NA,NA,NA,NA,NA,NA,NA,NA
1/23/2019,NA,NA,NA,NA,NA,NA,61.05,0.18,NA,NA,NA,NA,NA,NA,NA,NA,NA,NA,NA
1/24/2019,NA,NA,NA,NA,NA,NA,61.09,0.16,NA,NA,NA,NA,NA,NA,NA,NA,NA,NA,NA
1/25/2019,NA,NA,NA,NA,NA,NA,61.49,0.16,NA,NA,NA,NA,NA,NA,NA,NA,NA,NA,NA
1/28/2019,NA,NA,NA,NA,NA,NA,59.71,0.15,NA,NA,NA,NA,NA,NA,NA,NA,NA,NA,NA
1/29/2019,NA,NA,NA,NA,NA,NA,60.98,0.16,NA,NA,NA,NA,NA,NA,NA,NA,NA,NA,NA
1/30/2019,NA,NA,NA,NA,NA,NA,61.89,0.18,NA,NA,NA,NA,NA,NA,NA,NA,NA,NA,NA
1/31/2019,NA,NA,NA,NA,NA,NA,62.46,0.18,NA,NA,NA,NA,NA,NA,NA,NA,NA,NA,NA
2/1/2019,NA,NA,NA,NA,NA,NA,61.86,0.18,27.7,-11.682,4.949,7.548,7.1,1.823,327871.957,7.2,3.8,NA,NA
2/4/2019,NA,NA,NA,NA,NA,NA,62.26,0.2,NA,NA,NA,NA,NA,NA,NA,NA,NA,NA,NA
2/5/2019,NA,NA,NA,NA,NA,NA,61.67,0.18,NA,NA,NA,NA,NA,NA,NA,NA,NA,NA,NA
2/6/2019,NA,NA,NA,NA,NA,NA,62.22,0.18,NA,NA,NA,NA,NA,NA,NA,NA,NA,NA,NA
2/7/2019,NA,NA,NA,NA,NA,NA,61.01,0.17,NA,NA,NA,NA,NA,NA,NA,NA,NA,NA,NA
2/8/2019,NA,NA,NA,NA,NA,NA,61.37,0.18,NA,NA,NA,NA,NA,NA,NA,NA,NA,NA,NA
2/11/2019,NA,NA,NA,NA,NA,NA,61.3,0.17,NA,NA,NA,NA,NA,NA,NA,NA,NA,NA,NA
2/12/2019,NA,NA,NA,NA,NA,NA,62.58,0.18,NA,NA,NA,NA,NA,NA,NA,NA,NA,NA,NA
2/13/2019,NA,NA,NA,NA,NA,NA,63.27,0.18,NA,NA,NA,NA,NA,NA,NA,NA,NA,NA,NA
2/14/2019,NA,NA,NA,NA,NA,NA,64,0.16,NA,NA,NA,NA,NA,NA,NA,NA,NA,NA,NA
2/15/2019,NA,NA,NA,NA,NA,NA,65.65,0.14,NA,NA,NA,NA,NA,NA,NA,NA,NA,NA,NA
2/18/2019,NA,NA,NA,NA,NA,NA,66.41,#N/A,NA,NA,NA,NA,NA,NA,NA,NA,NA,NA,NA
2/19/2019,NA,NA,NA,NA,NA,NA,65.86,0.15,NA,NA,NA,NA,NA,NA,NA,NA,NA,NA,NA
2/20/2019,NA,NA,NA,NA,NA,NA,66.82,0.15,NA,NA,NA,NA,NA,NA,NA,NA,NA,NA,NA
2/21/2019,NA,NA,NA,NA,NA,NA,66.91,0.16,NA,NA,NA,NA,NA,NA,NA,NA,NA,NA,NA
2/22/2019,NA,NA,NA,NA,NA,NA,66.91,0.17,NA,NA,NA,NA,NA,NA,NA,NA,NA,NA,NA
2/25/2019,NA,NA,NA,NA,NA,NA,64.02,0.16,NA,NA,NA,NA,NA,NA,NA,NA,NA,NA,NA
2/26/2019,NA,NA,NA,NA,NA,NA,64.51,0.16,NA,NA,NA,NA,NA,NA,NA,NA,NA,NA,NA
2/27/2019,NA,NA,NA,NA,NA,NA,65.55,0.19,NA,NA,NA,NA,NA,NA,NA,NA,NA,NA,NA
2/28/2019,NA,NA,NA,NA,NA,NA,65.03,0.21,NA,NA,NA,NA,NA,NA,NA,NA,NA,NA,NA
3/1/2019,NA,NA,NA,NA,NA,NA,63.71,0.21,27.8,-0.549,5.237,7.225,6.5,1.712,327970.02,7.4,3.8,NA,NA
3/4/2019,NA,NA,NA,NA,NA,NA,64.44,0.17,NA,NA,NA,NA,NA,NA,NA,NA,NA,NA,NA
3/5/2019,NA,NA,NA,NA,NA,NA,64.24,0.17,NA,NA,NA,NA,NA,NA,NA,NA,NA,NA,NA
3/6/2019,NA,NA,NA,NA,NA,NA,64.51,0.17,NA,NA,NA,NA,NA,NA,NA,NA,NA,NA,NA
3/7/2019,NA,NA,NA,NA,NA,NA,64.82,0.17,NA,NA,NA,NA,NA,NA,NA,NA,NA,NA,NA
3/8/2019,NA,NA,NA,NA,NA,NA,65.66,0.17,NA,NA,NA,NA,NA,NA,NA,NA,NA,NA,NA
3/11/2019,NA,NA,NA,NA,NA,NA,65.06,0.17,NA,NA,NA,NA,NA,NA,NA,NA,NA,NA,NA
3/12/2019,NA,NA,NA,NA,NA,NA,65.33,0.16,NA,NA,NA,NA,NA,NA,NA,NA,NA,NA,NA
3/13/2019,NA,NA,NA,NA,NA,NA,65.89,0.16,NA,NA,NA,NA,NA,NA,NA,NA,NA,NA,NA
3/14/2019,NA,NA,NA,NA,NA,NA,66.18,0.17,NA,NA,NA,NA,NA,NA,NA,NA,NA,NA,NA
3/15/2019,NA,NA,NA,NA,NA,NA,66.11,0.16,NA,NA,NA,NA,NA,NA,NA,NA,NA,NA,NA
3/18/2019,NA,NA,NA,NA,NA,NA,66.65,0.15,NA,NA,NA,NA,NA,NA,NA,NA,NA,NA,NA
3/19/2019,NA,NA,NA,NA,NA,NA,67.13,0.15,NA,NA,NA,NA,NA,NA,NA,NA,NA,NA,NA
3/20/2019,NA,NA,NA,NA,NA,NA,68.35,0.14,NA,NA,NA,NA,NA,NA,NA,NA,NA,NA,NA
3/21/2019,NA,NA,NA,NA,NA,NA,68.3,0.13,NA,NA,NA,NA,NA,NA,NA,NA,NA,NA,NA
3/22/2019,NA,NA,NA,NA,NA,NA,66.29,0.13,NA,NA,NA,NA,NA,NA,NA,NA,NA,NA,NA
3/25/2019,NA,NA,NA,NA,NA,NA,67.37,0.17,NA,NA,NA,NA,NA,NA,NA,NA,NA,NA,NA
3/26/2019,NA,NA,NA,NA,NA,NA,67.51,0.17,NA,NA,NA,NA,NA,NA,NA,NA,NA,NA,NA
3/27/2019,NA,NA,NA,NA,NA,NA,67.35,0.17,NA,NA,NA,NA,NA,NA,NA,NA,NA,NA,NA
3/28/2019,NA,NA,NA,NA,NA,NA,66.08,0.16,NA,NA,NA,NA,NA,NA,NA,NA,NA,NA,NA
3/29/2019,NA,NA,NA,NA,NA,NA,67.93,0.14,NA,NA,NA,NA,NA,NA,NA,NA,NA,NA,NA
4/1/2019,NA,NA,NA,NA,NA,NA,69.08,0.16,27.78,3.49,4.359,7.089,6.5,1.855,328079.473,7.4,3.6,18982.528,22023283
4/2/2019,NA,NA,NA,NA,NA,NA,69.68,0.18,NA,NA,NA,NA,NA,NA,NA,NA,NA,NA,NA
4/3/2019,NA,NA,NA,NA,NA,NA,69.21,0.19,NA,NA,NA,NA,NA,NA,NA,NA,NA,NA,NA
4/4/2019,NA,NA,NA,NA,NA,NA,69.8,0.18,NA,NA,NA,NA,NA,NA,NA,NA,NA,NA,NA
4/5/2019,NA,NA,NA,NA,NA,NA,69.93,0.15,NA,NA,NA,NA,NA,NA,NA,NA,NA,NA,NA
4/8/2019,NA,NA,NA,NA,NA,NA,71.12,0.16,NA,NA,NA,NA,NA,NA,NA,NA,NA,NA,NA
4/9/2019,NA,NA,NA,NA,NA,NA,71.02,0.16,NA,NA,NA,NA,NA,NA,NA,NA,NA,NA,NA
4/10/2019,NA,NA,NA,NA,NA,NA,71.63,0.17,NA,NA,NA,NA,NA,NA,NA,NA,NA,NA,NA
4/11/2019,NA,NA,NA,NA,NA,NA,71.3,0.16,NA,NA,NA,NA,NA,NA,NA,NA,NA,NA,NA
4/12/2019,NA,NA,NA,NA,NA,NA,71.57,0.16,NA,NA,NA,NA,NA,NA,NA,NA,NA,NA,NA
4/15/2019,NA,NA,NA,NA,NA,NA,70.9,0.15,NA,NA,NA,NA,NA,NA,NA,NA,NA,NA,NA
4/16/2019,NA,NA,NA,NA,NA,NA,70.74,0.19,NA,NA,NA,NA,NA,NA,NA,NA,NA,NA,NA
4/17/2019,NA,NA,NA,NA,NA,NA,71.14,0.19,NA,NA,NA,NA,NA,NA,NA,NA,NA,NA,NA
4/18/2019,NA,NA,NA,NA,NA,NA,70.71,0.19,NA,NA,NA,NA,NA,NA,NA,NA,NA,NA,NA
4/19/2019,NA,NA,NA,NA,NA,NA,#N/A,#N/A,NA,NA,NA,NA,NA,NA,NA,NA,NA,NA,NA
4/22/2019,NA,NA,NA,NA,NA,NA,70.71,0.21,NA,NA,NA,NA,NA,NA,NA,NA,NA,NA,NA
4/23/2019,NA,NA,NA,NA,NA,NA,74.39,0.21,NA,NA,NA,NA,NA,NA,NA,NA,NA,NA,NA
4/24/2019,NA,NA,NA,NA,NA,NA,73.59,0.21,NA,NA,NA,NA,NA,NA,NA,NA,NA,NA,NA
4/25/2019,NA,NA,NA,NA,NA,NA,74.94,0.21,NA,NA,NA,NA,NA,NA,NA,NA,NA,NA,NA
4/26/2019,NA,NA,NA,NA,NA,NA,71.03,0.23,NA,NA,NA,NA,NA,NA,NA,NA,NA,NA,NA
4/29/2019,NA,NA,NA,NA,NA,NA,71.22,0.24,NA,NA,NA,NA,NA,NA,NA,NA,NA,NA,NA
4/30/2019,NA,NA,NA,NA,NA,NA,72.19,0.24,NA,NA,NA,NA,NA,NA,NA,NA,NA,NA,NA
5/1/2019,NA,NA,NA,NA,NA,NA,72.01,0.21,27.85,-0.952,4.925,6.914,6.1,1.775,328201.245,7.2,3.6,NA,NA
5/2/2019,NA,NA,NA,NA,NA,NA,70.56,0.2,NA,NA,NA,NA,NA,NA,NA,NA,NA,NA,NA
5/3/2019,NA,NA,NA,NA,NA,NA,71.95,0.21,NA,NA,NA,NA,NA,NA,NA,NA,NA,NA,NA
5/6/2019,NA,NA,NA,NA,NA,NA,71.95,0.2,NA,NA,NA,NA,NA,NA,NA,NA,NA,NA,NA
5/7/2019,NA,NA,NA,NA,NA,NA,70.98,0.17,NA,NA,NA,NA,NA,NA,NA,NA,NA,NA,NA
5/8/2019,NA,NA,NA,NA,NA,NA,71.09,0.19,NA,NA,NA,NA,NA,NA,NA,NA,NA,NA,NA
5/9/2019,NA,NA,NA,NA,NA,NA,70.61,0.19,NA,NA,NA,NA,NA,NA,NA,NA,NA,NA,NA
5/10/2019,NA,NA,NA,NA,NA,NA,71.63,0.21,NA,NA,NA,NA,NA,NA,NA,NA,NA,NA,NA
5/13/2019,NA,NA,NA,NA,NA,NA,72.35,0.22,NA,NA,NA,NA,NA,NA,NA,NA,NA,NA,NA
5/14/2019,NA,NA,NA,NA,NA,NA,72.53,0.22,NA,NA,NA,NA,NA,NA,NA,NA,NA,NA,NA
5/15/2019,NA,NA,NA,NA,NA,NA,73.09,0.21,NA,NA,NA,NA,NA,NA,NA,NA,NA,NA,NA
5/16/2019,NA,NA,NA,NA,NA,NA,74.7,0.2,NA,NA,NA,NA,NA,NA,NA,NA,NA,NA,NA
5/17/2019,NA,NA,NA,NA,NA,NA,73.94,0.19,NA,NA,NA,NA,NA,NA,NA,NA,NA,NA,NA
5/20/2019,NA,NA,NA,NA,NA,NA,73.21,0.2,NA,NA,NA,NA,NA,NA,NA,NA,NA,NA,NA
5/21/2019,NA,NA,NA,NA,NA,NA,72.94,0.17,NA,NA,NA,NA,NA,NA,NA,NA,NA,NA,NA
5/22/2019,NA,NA,NA,NA,NA,NA,71.94,0.16,NA,NA,NA,NA,NA,NA,NA,NA,NA,NA,NA
5/23/2019,NA,NA,NA,NA,NA,NA,68.37,0.19,NA,NA,NA,NA,NA,NA,NA,NA,NA,NA,NA
5/24/2019,NA,NA,NA,NA,NA,NA,67.98,0.16,NA,NA,NA,NA,NA,NA,NA,NA,NA,NA,NA
5/27/2019,NA,NA,NA,NA,NA,NA,#N/A,#N/A,NA,NA,NA,NA,NA,NA,NA,NA,NA,NA,NA
5/28/2019,NA,NA,NA,NA,NA,NA,70.19,0.14,NA,NA,NA,NA,NA,NA,NA,NA,NA,NA,NA
5/29/2019,NA,NA,NA,NA,NA,NA,70.64,0.16,NA,NA,NA,NA,NA,NA,NA,NA,NA,NA,NA
5/30/2019,NA,NA,NA,NA,NA,NA,69.55,0.16,NA,NA,NA,NA,NA,NA,NA,NA,NA,NA,NA
5/31/2019,NA,NA,NA,NA,NA,NA,66.78,0.19,NA,NA,NA,NA,NA,NA,NA,NA,NA,NA,NA
6/3/2019,NA,NA,NA,NA,NA,NA,63.16,0.25,NA,NA,NA,NA,NA,NA,NA,NA,NA,NA,NA
6/4/2019,NA,NA,NA,NA,NA,NA,63.56,0.24,NA,NA,NA,NA,NA,NA,NA,NA,NA,NA,NA
6/5/2019,NA,NA,NA,NA,NA,NA,62.14,0.29,NA,NA,NA,NA,NA,NA,NA,NA,NA,NA,NA
6/6/2019,NA,NA,NA,NA,NA,NA,62.77,0.24,NA,NA,NA,NA,NA,NA,NA,NA,NA,NA,NA
6/7/2019,NA,NA,NA,NA,NA,NA,64.1,0.24,NA,NA,NA,NA,NA,NA,NA,NA,NA,NA,NA
6/10/2019,NA,NA,NA,NA,NA,NA,64.31,0.25,NA,NA,NA,NA,NA,NA,NA,NA,NA,NA,NA
6/11/2019,NA,NA,NA,NA,NA,NA,63.56,0.22,NA,NA,NA,NA,NA,NA,NA,NA,NA,NA,NA
6/12/2019,NA,NA,NA,NA,NA,NA,61.66,0.25,NA,NA,NA,NA,NA,NA,NA,NA,NA,NA,NA
6/13/2019,NA,NA,NA,NA,NA,NA,63.28,0.27,NA,NA,NA,NA,NA,NA,NA,NA,NA,NA,NA
6/14/2019,NA,NA,NA,NA,NA,NA,63.13,0.25,NA,NA,NA,NA,NA,NA,NA,NA,NA,NA,NA
6/17/2019,NA,NA,NA,NA,NA,NA,62.56,0.23,NA,NA,NA,NA,NA,NA,NA,NA,NA,NA,NA
6/18/2019,NA,NA,NA,NA,NA,NA,63.35,0.2,NA,NA,NA,NA,NA,NA,NA,NA,NA,NA,NA
6/19/2019,NA,NA,NA,NA,NA,NA,62.85,0.29,NA,NA,NA,NA,NA,NA,NA,NA,NA,NA,NA
6/20/2019,NA,NA,NA,NA,NA,NA,65.44,0.29,NA,NA,NA,NA,NA,NA,NA,NA,NA,NA,NA
6/21/2019,NA,NA,NA,NA,NA,NA,65.99,0.3,NA,NA,NA,NA,NA,NA,NA,NA,NA,NA,NA
6/24/2019,NA,NA,NA,NA,NA,NA,65.16,0.3,NA,NA,NA,NA,NA,NA,NA,NA,NA,NA,NA
6/25/2019,NA,NA,NA,NA,NA,NA,66.24,0.29,NA,NA,NA,NA,NA,NA,NA,NA,NA,NA,NA
6/26/2019,NA,NA,NA,NA,NA,NA,66.85,0.28,NA,NA,NA,NA,NA,NA,NA,NA,NA,NA,NA
6/27/2019,NA,NA,NA,NA,NA,NA,66.78,0.27,NA,NA,NA,NA,NA,NA,NA,NA,NA,NA,NA
6/28/2019,NA,NA,NA,NA,NA,NA,67.52,0.25,NA,NA,NA,NA,NA,NA,NA,NA,NA,NA,NA
7/1/2019,NA,NA,NA,NA,NA,NA,65.1,0.25,28.03,-3.908,4.484,6.413,5.8,1.912,328475.998,6.9,3.7,19112.653,22719402
7/2/2019,NA,NA,NA,NA,NA,NA,62.72,0.21,NA,NA,NA,NA,NA,NA,NA,NA,NA,NA,NA
7/3/2019,NA,NA,NA,NA,NA,NA,63.53,0.19,NA,NA,NA,NA,NA,NA,NA,NA,NA,NA,NA
7/4/2019,NA,NA,NA,NA,NA,NA,63.62,#N/A,NA,NA,NA,NA,NA,NA,NA,NA,NA,NA,NA
7/5/2019,NA,NA,NA,NA,NA,NA,64.23,0.17,NA,NA,NA,NA,NA,NA,NA,NA,NA,NA,NA
7/8/2019,NA,NA,NA,NA,NA,NA,64.89,0.17,NA,NA,NA,NA,NA,NA,NA,NA,NA,NA,NA
7/9/2019,NA,NA,NA,NA,NA,NA,64.3,0.15,NA,NA,NA,NA,NA,NA,NA,NA,NA,NA,NA
7/10/2019,NA,NA,NA,NA,NA,NA,66.41,0.25,NA,NA,NA,NA,NA,NA,NA,NA,NA,NA,NA
7/11/2019,NA,NA,NA,NA,NA,NA,67.64,0.28,NA,NA,NA,NA,NA,NA,NA,NA,NA,NA,NA
7/12/2019,NA,NA,NA,NA,NA,NA,66.65,0.28,NA,NA,NA,NA,NA,NA,NA,NA,NA,NA,NA
7/15/2019,NA,NA,NA,NA,NA,NA,66.86,0.26,NA,NA,NA,NA,NA,NA,NA,NA,NA,NA,NA
7/16/2019,NA,NA,NA,NA,NA,NA,65.87,0.26,NA,NA,NA,NA,NA,NA,NA,NA,NA,NA,NA
7/17/2019,NA,NA,NA,NA,NA,NA,63.67,0.23,NA,NA,NA,NA,NA,NA,NA,NA,NA,NA,NA
7/18/2019,NA,NA,NA,NA,NA,NA,60.7,0.27,NA,NA,NA,NA,NA,NA,NA,NA,NA,NA,NA
7/19/2019,NA,NA,NA,NA,NA,NA,61.04,0.25,NA,NA,NA,NA,NA,NA,NA,NA,NA,NA,NA
7/22/2019,NA,NA,NA,NA,NA,NA,61.96,0.25,NA,NA,NA,NA,NA,NA,NA,NA,NA,NA,NA
7/23/2019,NA,NA,NA,NA,NA,NA,62.28,0.25,NA,NA,NA,NA,NA,NA,NA,NA,NA,NA,NA
7/24/2019,NA,NA,NA,NA,NA,NA,63.83,0.22,NA,NA,NA,NA,NA,NA,NA,NA,NA,NA,NA
7/25/2019,NA,NA,NA,NA,NA,NA,63.47,0.22,NA,NA,NA,NA,NA,NA,NA,NA,NA,NA,NA
7/26/2019,NA,NA,NA,NA,NA,NA,62.46,0.22,NA,NA,NA,NA,NA,NA,NA,NA,NA,NA,NA
7/29/2019,NA,NA,NA,NA,NA,NA,62.29,0.21,NA,NA,NA,NA,NA,NA,NA,NA,NA,NA,NA
7/30/2019,NA,NA,NA,NA,NA,NA,62.55,0.21,NA,NA,NA,NA,NA,NA,NA,NA,NA,NA,NA
7/31/2019,NA,NA,NA,NA,NA,NA,64.07,0.13,NA,NA,NA,NA,NA,NA,NA,NA,NA,NA,NA
8/1/2019,NA,NA,NA,NA,NA,NA,62.9,0.17,28.13,-9.266,4.338,6.396,5.4,2.042,328646.02,7.2,3.7,NA,NA
8/2/2019,NA,NA,NA,NA,NA,NA,61.12,0.14,NA,NA,NA,NA,NA,NA,NA,NA,NA,NA,NA
8/5/2019,NA,NA,NA,NA,NA,NA,59.32,0.16,NA,NA,NA,NA,NA,NA,NA,NA,NA,NA,NA
8/6/2019,NA,NA,NA,NA,NA,NA,58.63,0.13,NA,NA,NA,NA,NA,NA,NA,NA,NA,NA,NA
8/7/2019,NA,NA,NA,NA,NA,NA,55.03,0.12,NA,NA,NA,NA,NA,NA,NA,NA,NA,NA,NA
8/8/2019,NA,NA,NA,NA,NA,NA,56.29,0.1,NA,NA,NA,NA,NA,NA,NA,NA,NA,NA,NA
8/9/2019,NA,NA,NA,NA,NA,NA,57.37,0.11,NA,NA,NA,NA,NA,NA,NA,NA,NA,NA,NA
8/12/2019,NA,NA,NA,NA,NA,NA,57.13,0.07,NA,NA,NA,NA,NA,NA,NA,NA,NA,NA,NA
8/13/2019,NA,NA,NA,NA,NA,NA,59.9,0.02,NA,NA,NA,NA,NA,NA,NA,NA,NA,NA,NA
8/14/2019,NA,NA,NA,NA,NA,NA,57.86,0.01,NA,NA,NA,NA,NA,NA,NA,NA,NA,NA,NA
8/15/2019,NA,NA,NA,NA,NA,NA,57.37,0.04,NA,NA,NA,NA,NA,NA,NA,NA,NA,NA,NA
8/16/2019,NA,NA,NA,NA,NA,NA,59,0.07,NA,NA,NA,NA,NA,NA,NA,NA,NA,NA,NA
8/19/2019,NA,NA,NA,NA,NA,NA,59.79,0.07,NA,NA,NA,NA,NA,NA,NA,NA,NA,NA,NA
8/20/2019,NA,NA,NA,NA,NA,NA,59.03,0.05,NA,NA,NA,NA,NA,NA,NA,NA,NA,NA,NA
8/21/2019,NA,NA,NA,NA,NA,NA,60.6,0.03,NA,NA,NA,NA,NA,NA,NA,NA,NA,NA,NA
8/22/2019,NA,NA,NA,NA,NA,NA,59.81,0.01,NA,NA,NA,NA,NA,NA,NA,NA,NA,NA,NA
8/23/2019,NA,NA,NA,NA,NA,NA,58.64,0.01,NA,NA,NA,NA,NA,NA,NA,NA,NA,NA,NA
8/26/2019,NA,NA,NA,NA,NA,NA,58.64,0,NA,NA,NA,NA,NA,NA,NA,NA,NA,NA,NA
8/27/2019,NA,NA,NA,NA,NA,NA,58.44,-0.04,NA,NA,NA,NA,NA,NA,NA,NA,NA,NA,NA
8/28/2019,NA,NA,NA,NA,NA,NA,60.42,-0.03,NA,NA,NA,NA,NA,NA,NA,NA,NA,NA,NA
8/29/2019,NA,NA,NA,NA,NA,NA,60.59,-0.03,NA,NA,NA,NA,NA,NA,NA,NA,NA,NA,NA
8/30/2019,NA,NA,NA,NA,NA,NA,61.04,0,NA,NA,NA,NA,NA,NA,NA,NA,NA,NA,NA
9/2/2019,NA,NA,NA,NA,NA,NA,58.55,#N/A,NA,NA,NA,NA,NA,NA,NA,NA,NA,NA,NA
9/3/2019,NA,NA,NA,NA,NA,NA,57.93,0,NA,NA,NA,NA,NA,NA,NA,NA,NA,NA,NA
9/4/2019,NA,NA,NA,NA,NA,NA,60.68,0.04,NA,NA,NA,NA,NA,NA,NA,NA,NA,NA,NA
9/5/2019,NA,NA,NA,NA,NA,NA,62.7,0.02,NA,NA,NA,NA,NA,NA,NA,NA,NA,NA,NA
9/6/2019,NA,NA,NA,NA,NA,NA,61.28,0.02,NA,NA,NA,NA,NA,NA,NA,NA,NA,NA,NA
9/9/2019,NA,NA,NA,NA,NA,NA,63.99,0.05,NA,NA,NA,NA,NA,NA,NA,NA,NA,NA,NA
9/10/2019,NA,NA,NA,NA,NA,NA,64.67,0.05,NA,NA,NA,NA,NA,NA,NA,NA,NA,NA,NA
9/11/2019,NA,NA,NA,NA,NA,NA,63.02,0.07,NA,NA,NA,NA,NA,NA,NA,NA,NA,NA,NA
9/12/2019,NA,NA,NA,NA,NA,NA,60.76,0.07,NA,NA,NA,NA,NA,NA,NA,NA,NA,NA,NA
9/13/2019,NA,NA,NA,NA,NA,NA,61.25,0.11,NA,NA,NA,NA,NA,NA,NA,NA,NA,NA,NA
9/16/2019,NA,NA,NA,NA,NA,NA,68.42,0.1,NA,NA,NA,NA,NA,NA,NA,NA,NA,NA,NA
9/17/2019,NA,NA,NA,NA,NA,NA,65.59,0.09,NA,NA,NA,NA,NA,NA,NA,NA,NA,NA,NA
9/18/2019,NA,NA,NA,NA,NA,NA,64.29,0.03,NA,NA,NA,NA,NA,NA,NA,NA,NA,NA,NA
9/19/2019,NA,NA,NA,NA,NA,NA,64.25,0.05,NA,NA,NA,NA,NA,NA,NA,NA,NA,NA,NA
9/20/2019,NA,NA,NA,NA,NA,NA,65.23,0.05,NA,NA,NA,NA,NA,NA,NA,NA,NA,NA,NA
9/23/2019,NA,NA,NA,NA,NA,NA,64.66,0.04,NA,NA,NA,NA,NA,NA,NA,NA,NA,NA,NA
9/24/2019,NA,NA,NA,NA,NA,NA,64.13,0.04,NA,NA,NA,NA,NA,NA,NA,NA,NA,NA,NA
9/25/2019,NA,NA,NA,NA,NA,NA,62.41,0.05,NA,NA,NA,NA,NA,NA,NA,NA,NA,NA,NA
9/26/2019,NA,NA,NA,NA,NA,NA,62.08,0.04,NA,NA,NA,NA,NA,NA,NA,NA,NA,NA,NA
9/27/2019,NA,NA,NA,NA,NA,NA,62.48,0.06,NA,NA,NA,NA,NA,NA,NA,NA,NA,NA,NA
9/30/2019,NA,NA,NA,NA,NA,NA,60.99,0.05,NA,NA,NA,NA,NA,NA,NA,NA,NA,NA,NA
10/1/2019,NA,NA,NA,NA,NA,NA,60.06,0.09,28.23,-9.842,5.101,6.621,5.6,1.899,328980.52,7,3.6,19202.31,23201380
10/2/2019,NA,NA,NA,NA,NA,NA,57.92,0.12,NA,NA,NA,NA,NA,NA,NA,NA,NA,NA,NA
10/3/2019,NA,NA,NA,NA,NA,NA,58.01,0.15,NA,NA,NA,NA,NA,NA,NA,NA,NA,NA,NA
10/4/2019,NA,NA,NA,NA,NA,NA,59.13,0.12,NA,NA,NA,NA,NA,NA,NA,NA,NA,NA,NA
10/7/2019,NA,NA,NA,NA,NA,NA,59.46,0.1,NA,NA,NA,NA,NA,NA,NA,NA,NA,NA,NA
10/8/2019,NA,NA,NA,NA,NA,NA,58.14,0.12,NA,NA,NA,NA,NA,NA,NA,NA,NA,NA,NA
10/9/2019,NA,NA,NA,NA,NA,NA,59.7,0.12,NA,NA,NA,NA,NA,NA,NA,NA,NA,NA,NA
10/10/2019,NA,NA,NA,NA,NA,NA,59.08,0.14,NA,NA,NA,NA,NA,NA,NA,NA,NA,NA,NA
10/11/2019,NA,NA,NA,NA,NA,NA,60.59,0.13,NA,NA,NA,NA,NA,NA,NA,NA,NA,NA,NA
10/14/2019,NA,NA,NA,NA,NA,NA,58.81,#N/A,NA,NA,NA,NA,NA,NA,NA,NA,NA,NA,NA
10/15/2019,NA,NA,NA,NA,NA,NA,59.19,0.16,NA,NA,NA,NA,NA,NA,NA,NA,NA,NA,NA
10/16/2019,NA,NA,NA,NA,NA,NA,59.3,0.17,NA,NA,NA,NA,NA,NA,NA,NA,NA,NA,NA
10/17/2019,NA,NA,NA,NA,NA,NA,59.35,0.16,NA,NA,NA,NA,NA,NA,NA,NA,NA,NA,NA
10/18/2019,NA,NA,NA,NA,NA,NA,59.96,0.18,NA,NA,NA,NA,NA,NA,NA,NA,NA,NA,NA
10/21/2019,NA,NA,NA,NA,NA,NA,58.95,0.18,NA,NA,NA,NA,NA,NA,NA,NA,NA,NA,NA
10/22/2019,NA,NA,NA,NA,NA,NA,60.5,0.18,NA,NA,NA,NA,NA,NA,NA,NA,NA,NA,NA
10/23/2019,NA,NA,NA,NA,NA,NA,60.52,0.19,NA,NA,NA,NA,NA,NA,NA,NA,NA,NA,NA
10/24/2019,NA,NA,NA,NA,NA,NA,61.71,0.19,NA,NA,NA,NA,NA,NA,NA,NA,NA,NA,NA
10/25/2019,NA,NA,NA,NA,NA,NA,62.06,0.17,NA,NA,NA,NA,NA,NA,NA,NA,NA,NA,NA
10/28/2019,NA,NA,NA,NA,NA,NA,60.39,0.21,NA,NA,NA,NA,NA,NA,NA,NA,NA,NA,NA
10/29/2019,NA,NA,NA,NA,NA,NA,61.05,0.2,NA,NA,NA,NA,NA,NA,NA,NA,NA,NA,NA
10/30/2019,NA,NA,NA,NA,NA,NA,60.22,0.17,NA,NA,NA,NA,NA,NA,NA,NA,NA,NA,NA
10/31/2019,NA,NA,NA,NA,NA,NA,59.3,0.17,NA,NA,NA,NA,NA,NA,NA,NA,NA,NA,NA
11/1/2019,NA,NA,NA,NA,NA,NA,60.17,0.17,28.35,-1.832,4.879,7.02,5.6,1.738,329127.484,6.9,3.6,NA,NA
11/4/2019,NA,NA,NA,NA,NA,NA,62.52,0.19,NA,NA,NA,NA,NA,NA,NA,NA,NA,NA,NA
11/5/2019,NA,NA,NA,NA,NA,NA,62.72,0.23,NA,NA,NA,NA,NA,NA,NA,NA,NA,NA,NA
11/6/2019,NA,NA,NA,NA,NA,NA,62.11,0.2,NA,NA,NA,NA,NA,NA,NA,NA,NA,NA,NA
11/7/2019,NA,NA,NA,NA,NA,NA,62.6,0.24,NA,NA,NA,NA,NA,NA,NA,NA,NA,NA,NA
11/8/2019,NA,NA,NA,NA,NA,NA,62,0.26,NA,NA,NA,NA,NA,NA,NA,NA,NA,NA,NA
11/11/2019,NA,NA,NA,NA,NA,NA,62.58,#N/A,NA,NA,NA,NA,NA,NA,NA,NA,NA,NA,NA
11/12/2019,NA,NA,NA,NA,NA,NA,62.19,0.26,NA,NA,NA,NA,NA,NA,NA,NA,NA,NA,NA
11/13/2019,NA,NA,NA,NA,NA,NA,62.27,0.25,NA,NA,NA,NA,NA,NA,NA,NA,NA,NA,NA
11/14/2019,NA,NA,NA,NA,NA,NA,62.46,0.24,NA,NA,NA,NA,NA,NA,NA,NA,NA,NA,NA
11/15/2019,NA,NA,NA,NA,NA,NA,63.32,0.23,NA,NA,NA,NA,NA,NA,NA,NA,NA,NA,NA
11/18/2019,NA,NA,NA,NA,NA,NA,62.82,0.21,NA,NA,NA,NA,NA,NA,NA,NA,NA,NA,NA
11/19/2019,NA,NA,NA,NA,NA,NA,62.37,0.19,NA,NA,NA,NA,NA,NA,NA,NA,NA,NA,NA
11/20/2019,NA,NA,NA,NA,NA,NA,63.8,0.17,NA,NA,NA,NA,NA,NA,NA,NA,NA,NA,NA
11/21/2019,NA,NA,NA,NA,NA,NA,64.99,0.17,NA,NA,NA,NA,NA,NA,NA,NA,NA,NA,NA
11/22/2019,NA,NA,NA,NA,NA,NA,64.83,0.16,NA,NA,NA,NA,NA,NA,NA,NA,NA,NA,NA
11/25/2019,NA,NA,NA,NA,NA,NA,64.67,0.15,NA,NA,NA,NA,NA,NA,NA,NA,NA,NA,NA
11/26/2019,NA,NA,NA,NA,NA,NA,64.82,0.16,NA,NA,NA,NA,NA,NA,NA,NA,NA,NA,NA
11/27/2019,NA,NA,NA,NA,NA,NA,65.03,0.14,NA,NA,NA,NA,NA,NA,NA,NA,NA,NA,NA
11/28/2019,NA,NA,NA,NA,NA,NA,64.68,#N/A,NA,NA,NA,NA,NA,NA,NA,NA,NA,NA,NA
11/29/2019,NA,NA,NA,NA,NA,NA,64.5,0.17,NA,NA,NA,NA,NA,NA,NA,NA,NA,NA,NA
12/2/2019,NA,NA,NA,NA,NA,NA,63.2,0.22,NA,NA,NA,NA,NA,NA,NA,NA,NA,NA,NA
12/3/2019,NA,NA,NA,NA,NA,NA,62.95,0.19,NA,NA,NA,NA,NA,NA,NA,NA,NA,NA,NA
12/4/2019,NA,NA,NA,NA,NA,NA,65.25,0.19,NA,NA,NA,NA,NA,NA,NA,NA,NA,NA,NA
12/5/2019,NA,NA,NA,NA,NA,NA,65.67,0.22,NA,NA,NA,NA,NA,NA,NA,NA,NA,NA,NA
12/6/2019,NA,NA,NA,NA,NA,NA,66.5,0.23,NA,NA,NA,NA,NA,NA,NA,NA,NA,NA,NA
12/9/2019,NA,NA,NA,NA,NA,NA,66.44,0.2,NA,NA,NA,NA,NA,NA,NA,NA,NA,NA,NA
12/10/2019,NA,NA,NA,NA,NA,NA,66.57,0.2,NA,NA,NA,NA,NA,NA,NA,NA,NA,NA,NA
12/11/2019,NA,NA,NA,NA,NA,NA,65.37,0.18,NA,NA,NA,NA,NA,NA,NA,NA,NA,NA,NA
12/12/2019,NA,NA,NA,NA,NA,NA,66.67,0.24,NA,NA,NA,NA,NA,NA,NA,NA,NA,NA,NA
12/13/2019,NA,NA,NA,NA,NA,NA,67.44,0.21,NA,NA,NA,NA,NA,NA,NA,NA,NA,NA,NA
12/16/2019,NA,NA,NA,NA,NA,NA,68.04,0.24,NA,NA,NA,NA,NA,NA,NA,NA,NA,NA,NA
12/17/2019,NA,NA,NA,NA,NA,NA,68.99,0.26,NA,NA,NA,NA,NA,NA,NA,NA,NA,NA,NA
12/18/2019,NA,NA,NA,NA,NA,NA,69.12,0.29,NA,NA,NA,NA,NA,NA,NA,NA,NA,NA,NA
12/19/2019,NA,NA,NA,NA,NA,NA,69.7,0.3,NA,NA,NA,NA,NA,NA,NA,NA,NA,NA,NA
12/20/2019,NA,NA,NA,NA,NA,NA,68.66,0.29,NA,NA,NA,NA,NA,NA,NA,NA,NA,NA,NA
12/23/2019,NA,NA,NA,NA,NA,NA,67.49,0.29,NA,NA,NA,NA,NA,NA,NA,NA,NA,NA,NA
12/24/2019,NA,NA,NA,NA,NA,NA,69.26,0.28,NA,NA,NA,NA,NA,NA,NA,NA,NA,NA,NA
12/25/2019,NA,NA,NA,NA,NA,NA,#N/A,#N/A,NA,NA,NA,NA,NA,NA,NA,NA,NA,NA,NA
12/26/2019,NA,NA,NA,NA,NA,NA,69.26,0.26,NA,NA,NA,NA,NA,NA,NA,NA,NA,NA,NA
12/27/2019,NA,NA,NA,NA,NA,NA,68.91,0.29,NA,NA,NA,NA,NA,NA,NA,NA,NA,NA,NA
12/30/2019,NA,NA,NA,NA,NA,NA,68.3,0.32,NA,NA,NA,NA,NA,NA,NA,NA,NA,NA,NA
12/31/2019,NA,NA,NA,NA,NA,NA,67.77,0.34,NA,NA,NA,NA,NA,NA,NA,NA,NA,NA,NA
1/1/2020,NA,NA,NA,NA,NA,NA,#N/A,#N/A,28.43,12.263,4.525,8.193,6.3,1.98,329371.559,6.9,3.5,18951.992,23223813
1/2/2020,NA,NA,NA,NA,NA,NA,67.05,0.3,NA,NA,NA,NA,NA,NA,NA,NA,NA,NA,NA
1/3/2020,NA,NA,NA,NA,NA,NA,69.08,0.27,NA,NA,NA,NA,NA,NA,NA,NA,NA,NA,NA
1/6/2020,NA,NA,NA,NA,NA,NA,70.25,0.27,NA,NA,NA,NA,NA,NA,NA,NA,NA,NA,NA
1/7/2020,NA,NA,NA,NA,NA,NA,68.74,0.29,NA,NA,NA,NA,NA,NA,NA,NA,NA,NA,NA
1/8/2020,NA,NA,NA,NA,NA,NA,67.31,0.29,NA,NA,NA,NA,NA,NA,NA,NA,NA,NA,NA
1/9/2020,0,0,1,0,NA,NA,66.58,0.27,NA,NA,NA,NA,NA,NA,NA,NA,NA,NA,NA
1/10/2020,0,0,1,0,NA,NA,66.77,0.27,NA,NA,NA,NA,NA,NA,NA,NA,NA,NA,NA
1/13/2020,0,0,0,0,NA,NA,64.14,0.27,NA,NA,NA,NA,NA,NA,NA,NA,NA,NA,NA
1/14/2020,0,0,1,0,NA,NA,64.45,0.24,NA,NA,NA,NA,NA,NA,NA,NA,NA,NA,NA
1/15/2020,0,0,0,0,NA,NA,63.29,0.23,NA,NA,NA,NA,NA,NA,NA,NA,NA,NA,NA
1/16/2020,0,0,0,0,NA,NA,64.63,0.23,NA,NA,NA,NA,NA,NA,NA,NA,NA,NA,NA
1/17/2020,0,0,0,0,NA,NA,64.05,0.26,NA,NA,NA,NA,NA,NA,NA,NA,NA,NA,NA
1/20/2020,0,0,0,0,NA,NA,64.63,#N/A,NA,NA,NA,NA,NA,NA,NA,NA,NA,NA,NA
1/21/2020,0,0,1,0,NA,NA,63.66,0.25,NA,NA,NA,NA,NA,NA,NA,NA,NA,NA,NA
1/22/2020,0,0,1,0,NA,NA,62.11,0.24,NA,NA,NA,NA,NA,NA,NA,NA,NA,NA,NA
1/23/2020,0,0,3,0,NA,NA,61.26,0.23,NA,NA,NA,NA,NA,NA,NA,NA,NA,NA,NA
1/24/2020,0,0,3,1,NA,NA,59.34,0.21,NA,NA,NA,NA,NA,NA,NA,NA,NA,NA,NA
1/27/2020,0,0,0,1,NA,NA,58.54,0.17,NA,NA,NA,NA,NA,NA,NA,NA,NA,NA,NA
1/28/2020,0,0,0,1,NA,NA,59.37,0.2,NA,NA,NA,NA,NA,NA,NA,NA,NA,NA,NA
1/29/2020,0,0,0,1,NA,NA,59.46,0.18,NA,NA,NA,NA,NA,NA,NA,NA,NA,NA,NA
1/30/2020,0,0,1,1,NA,NA,57.72,0.16,NA,NA,NA,NA,NA,NA,NA,NA,NA,NA,NA
1/31/2020,0,0,0,1,NA,NA,57.77,0.18,NA,NA,NA,NA,NA,NA,NA,NA,NA,NA,NA
2/3/2020,0,0,0,0,NA,NA,54,0.18,NA,NA,NA,NA,NA,NA,NA,NA,NA,NA,NA
2/4/2020,0,0,0,0,NA,NA,53.9,0.2,NA,NA,NA,NA,NA,NA,NA,NA,NA,NA,NA
2/5/2020,0,0,0,0,NA,NA,55.36,0.22,NA,NA,NA,NA,NA,NA,NA,NA,NA,NA,NA
2/6/2020,0,0,1,0,NA,NA,55.18,0.21,NA,NA,NA,NA,NA,NA,NA,NA,NA,NA,NA
2/7/2020,0,0,1,0,NA,NA,54.53,0.18,NA,NA,NA,NA,NA,NA,NA,NA,NA,NA,NA
2/10/2020,0,0,0,0,NA,NA,53.39,0.19,NA,NA,NA,NA,NA,NA,NA,NA,NA,NA,NA
2/11/2020,0,0,0,0,NA,NA,54,0.18,NA,NA,NA,NA,NA,NA,NA,NA,NA,NA,NA
2/12/2020,0,0,0,0,NA,NA,55.54,0.18,NA,NA,NA,NA,NA,NA,NA,NA,NA,NA,NA
2/13/2020,0,0,2,0,NA,NA,56.34,0.17,NA,NA,NA,NA,NA,NA,NA,NA,NA,NA,NA
2/14/2020,0,0,5,1,NA,NA,57.37,0.17,NA,NA,NA,NA,NA,NA,NA,NA,NA,NA,NA
2/17/2020,0,0,3,1,NA,NA,57.83,#N/A,NA,NA,NA,NA,NA,NA,NA,NA,NA,NA,NA
2/18/2020,0,0,1,1,NA,NA,57.35,0.14,NA,NA,NA,NA,NA,NA,NA,NA,NA,NA,NA
2/19/2020,0,0,5,2,NA,NA,59.72,0.14,NA,NA,NA,NA,NA,NA,NA,NA,NA,NA,NA
2/20/2020,0,0,6,3,NA,NA,59.57,0.13,NA,NA,NA,NA,NA,NA,NA,NA,NA,NA,NA
2/21/2020,0,0,0,3,NA,NA,58.6,0.12,NA,NA,NA,NA,NA,NA,NA,NA,NA,NA,NA
2/24/2020,0,0,4,3,5,NA,56.71,0.12,NA,NA,NA,NA,NA,NA,NA,NA,NA,NA,NA
2/25/2020,0,0,4,3,5,NA,55.29,0.13,NA,NA,NA,NA,NA,NA,NA,NA,NA,NA,NA
2/26/2020,0,0,8,4,5,NA,54.96,0.17,NA,NA,NA,NA,NA,NA,NA,NA,NA,NA,NA
2/27/2020,1,0,5,4,5,NA,52.19,0.19,NA,NA,NA,NA,NA,NA,NA,NA,NA,NA,NA
2/28/2020,0,0,4,4,5,NA,51.31,0.27,NA,NA,NA,NA,NA,NA,NA,NA,NA,NA,NA
2/29/2020,1,0,9,4,5,NA,52.52,0.26,NA,NA,NA,NA,NA,NA,NA,NA,NA,NA,NA
3/1/2020,0,0,18,7,5,NA,52.24,0.31,28.79,-12.464,4.888,9.397,6.8,1.896,329579.358,8.8,4.4,NA,NA
3/2/2020,6,1,36,12,5,NA,51.86,0.35,NA,NA,NA,NA,NA,NA,NA,NA,NA,NA,NA
3/3/2020,3,1,51,18,5,NA,51.29,0.33,NA,NA,NA,NA,NA,NA,NA,NA,NA,NA,NA
3/4/2020,4,2,70,27,5,NA,45.6,0.25,NA,NA,NA,NA,NA,NA,NA,NA,NA,NA,NA
3/5/2020,3,2,78,38,5,NA,35.33,0.16,NA,NA,NA,NA,NA,NA,NA,NA,NA,NA,NA
3/6/2020,3,2,130,56,5,NA,35.57,0.26,NA,NA,NA,NA,NA,NA,NA,NA,NA,NA,NA
3/7/2020,5,3,146,75,8,NA,34.45,0.32,NA,NA,NA,NA,NA,NA,NA,NA,NA,NA,NA
3/8/2020,4,4,214,103,8,NA,31.02,0.38,NA,NA,NA,NA,NA,NA,NA,NA,NA,NA,NA
3/9/2020,4,3,390,154,8,NA,32.25,0.45,NA,NA,NA,NA,NA,NA,NA,NA,NA,NA,NA
3/10/2020,7,4,498,218,8,NA,27.98,0.37,NA,NA,NA,NA,NA,NA,NA,NA,NA,NA,NA
3/11/2020,12,5,530,283,11,NA,27.97,0.55,NA,NA,NA,NA,NA,NA,NA,NA,NA,NA,NA
3/12/2020,7,6,734,377,11,NA,22.79,0.64,NA,NA,NA,NA,NA,NA,NA,NA,NA,NA,NA
3/13/2020,11,7,951,494,11,NA,23.98,0.68,NA,NA,NA,NA,NA,NA,NA,NA,NA,NA,NA
3/14/2020,13,8,1218,647,14,NA,25.55,0.55,NA,NA,NA,NA,NA,NA,NA,NA,NA,NA,NA
3/15/2020,20,10,2176,928,20,NA,23.75,0.48,NA,NA,NA,NA,NA,NA,NA,NA,NA,NA,NA
3/16/2020,21,13,2346,1207,25,NA,24.5,0.46,NA,NA,NA,NA,NA,NA,NA,NA,NA,NA,NA
3/17/2020,27,15,3199,1593,26,NA,25.62,0.54,NA,NA,NA,NA,NA,NA,NA,NA,NA,NA,NA
3/18/2020,64,23,4892,2216,26,NA,23.55,0.53,NA,NA,NA,NA,NA,NA,NA,NA,NA,NA,NA
3/19/2020,69,32,6121,2986,26,NA,22.39,0.47,NA,NA,NA,NA,NA,NA,NA,NA,NA,NA,NA
3/20/2020,92,43,7547,3928,24,NA,19.19,0.47,NA,NA,NA,NA,NA,NA,NA,NA,NA,NA,NA
3/21/2020,112,57,9122,5057,24,NA,14.85,0.47,NA,NA,NA,NA,NA,NA,NA,NA,NA,NA,NA
3/22/2020,123,72,10858,6297,34,NA,14.97,0.39,NA,NA,NA,NA,NA,NA,NA,NA,NA,NA,NA
3/23/2020,161,92,10692,7490,40,1,20.24,0.4,NA,NA,NA,NA,NA,NA,NA,NA,NA,NA,NA
3/24/2020,212,119,11402,8662,42,1,24.33,0.39,NA,NA,NA,NA,NA,NA,NA,NA,NA,NA,NA
3/25/2020,301,152,14083,9975,74,1,22.58,0.4,NA,NA,NA,NA,NA,NA,NA,NA,NA,NA,NA
3/26/2020,339,191,18538,11748,80,2,22.1,0.47,NA,NA,NA,NA,NA,NA,NA,NA,NA,NA,NA
3/27/2020,485,247,20218,13559,91,2,25.22,0.5,NA,NA,NA,NA,NA,NA,NA,NA,NA,NA,NA
3/28/2020,560,311,20809,15228,106,2,20.23,0.5,NA,NA,NA,NA,NA,NA,NA,NA,NA,NA,NA
3/29/2020,668,389,26288,17432,114,4,#N/A,#N/A,NA,NA,NA,NA,NA,NA,NA,NA,NA,NA,NA
3/30/2020,626,455,15306,18092,114,4,#N/A,0.51,NA,NA,NA,NA,NA,NA,NA,NA,NA,NA,NA
3/31/2020,990,567,23731,19853,166,4,21.74,0.53,NA,NA,NA,NA,NA,NA,NA,NA,NA,NA,NA
4/1/2020,1123,684,28415,21900,192,4,19.8,0.43,30.01,-38.869,8.721,9.534,16.6,1.021,331693.822,22.9,14.7,17258.205,26477241
4/2/2020,1311,823,30014,23540,235,4,18.69,0.41,NA,NA,NA,NA,NA,NA,NA,NA,NA,NA,NA
4/3/2020,1374,950,31742,25186,269,5,19.75,0.45,NA,NA,NA,NA,NA,NA,NA,NA,NA,NA,NA
4/4/2020,1548,1091,32518,26859,270,5,17.36,0.43,NA,NA,NA,NA,NA,NA,NA,NA,NA,NA,NA
4/5/2020,1871,1263,27040,26966,299,7,9.12,0.38,NA,NA,NA,NA,NA,NA,NA,NA,NA,NA,NA
4/6/2020,1699,1416,28644,28872,337,7,13.77,0.41,NA,NA,NA,NA,NA,NA,NA,NA,NA,NA,NA
4/7/2020,2100,1575,29187,29651,367,11,15.06,0.39,NA,NA,NA,NA,NA,NA,NA,NA,NA,NA,NA
4/8/2020,2244,1735,34240,30483,423,14,15.87,0.38,NA,NA,NA,NA,NA,NA,NA,NA,NA,NA,NA
4/9/2020,2216,1864,34840,31173,444,15,15.17,0.43,NA,NA,NA,NA,NA,NA,NA,NA,NA,NA,NA
4/10/2020,2237,1987,32656,31303,521,15,15.6,0.42,NA,NA,NA,NA,NA,NA,NA,NA,NA,NA,NA
4/11/2020,2203,2081,32144,31250,521,15,17.86,0.43,NA,NA,NA,NA,NA,NA,NA,NA,NA,NA,NA
4/12/2020,1862,2080,27137,31264,555,18,18.11,0.44,NA,NA,NA,NA,NA,NA,NA,NA,NA,NA,NA
4/13/2020,1895,2108,24988,30741,607,19,18.49,0.44,NA,NA,NA,NA,NA,NA,NA,NA,NA,NA,NA
4/14/2020,2472,2161,25080,30155,665,22,20.4,0.45,NA,NA,NA,NA,NA,NA,NA,NA,NA,NA,NA
4/15/2020,2703,2226,25254,28871,770,25,25.46,0.47,NA,NA,NA,NA,NA,NA,NA,NA,NA,NA,NA
4/16/2020,2454,2260,31681,28420,794,29,24.2,0.55,NA,NA,NA,NA,NA,NA,NA,NA,NA,NA,NA
4/17/2020,2322,2273,30325,28087,845,30,24.23,0.5,NA,NA,NA,NA,NA,NA,NA,NA,NA,NA,NA
4/18/2020,1876,2226,27661,27446,908,30,#N/A,0.53,NA,NA,NA,NA,NA,NA,NA,NA,NA,NA,NA
4/19/2020,2005,2246,26891,27411,933,30,25.53,0.56,NA,NA,NA,NA,NA,NA,NA,NA,NA,NA,NA
4/20/2020,2056,2269,26085,27568,996,33,26.67,0.52,NA,NA,NA,NA,NA,NA,NA,NA,NA,NA,NA
4/21/2020,2658,2296,25234,27590,1026,36,27.89,0.48,NA,NA,NA,NA,NA,NA,NA,NA,NA,NA,NA
4/22/2020,2251,2231,31144,28431,1092,36,29.87,0.47,NA,NA,NA,NA,NA,NA,NA,NA,NA,NA,NA
4/23/2020,2002,2167,32983,28617,1176,40,30.95,0.48,NA,NA,NA,NA,NA,NA,NA,NA,NA,NA,NA
4/24/2020,2080,2132,34903,29271,1226,40,33.3,0.55,NA,NA,NA,NA,NA,NA,NA,NA,NA,NA,NA
4/25/2020,1862,2130,32878,30016,1330,43,33.06,0.53,NA,NA,NA,NA,NA,NA,NA,NA,NA,NA,NA
4/26/2020,1552,2065,26578,29972,1463,49,34.76,0.52,NA,NA,NA,NA,NA,NA,NA,NA,NA,NA,NA
4/27/2020,1513,1988,24173,29699,1531,50,34.78,0.51,NA,NA,NA,NA,NA,NA,NA,NA,NA,NA,NA
4/28/2020,2106,1909,23593,29464,1703,60,33.8,0.49,NA,NA,NA,NA,NA,NA,NA,NA,NA,NA,NA
4/29/2020,2414,1932,27034,28877,1827,60,#N/A,#N/A,NA,NA,NA,NA,NA,NA,NA,NA,NA,NA,NA
4/30/2020,2227,1964,31445,28657,1827,60,33.95,0.51,NA,NA,NA,NA,NA,NA,NA,NA,NA,NA,NA
5/1/2020,1927,1943,32141,28263,2171,64,32.73,0.49,29.71,-40.138,9.992,9.121,16.8,1.12,331665.39,21.2,13.2,NA,NA
5/2/2020,1606,1906,28400,27623,2469,72,33.98,0.53,NA,NA,NA,NA,NA,NA,NA,NA,NA,NA,NA
5/3/2020,1433,1889,26795,27654,2469,72,34.15,0.49,NA,NA,NA,NA,NA,NA,NA,NA,NA,NA,NA
5/4/2020,1242,1850,21545,27279,2469,72,36.74,0.52,NA,NA,NA,NA,NA,NA,NA,NA,NA,NA,NA
5/5/2020,2433,1897,22869,27175,2469,72,37.72,0.51,NA,NA,NA,NA,NA,NA,NA,NA,NA,NA,NA
5/6/2020,2335,1886,25331,26932,3224,95,37.98,0.58,NA,NA,NA,NA,NA,NA,NA,NA,NA,NA,NA
5/7/2020,2098,1867,29530,26658,3392,104,38.41,0.63,NA,NA,NA,NA,NA,NA,NA,NA,NA,NA,NA
5/8/2020,1603,1821,28327,26113,3563,105,41,0.69,NA,NA,NA,NA,NA,NA,NA,NA,NA,NA,NA
5/9/2020,1491,1805,25862,25751,3563,105,39.66,0.66,NA,NA,NA,NA,NA,NA,NA,NA,NA,NA,NA
5/10/2020,1081,1754,21616,25011,4402,119,40.45,0.64,NA,NA,NA,NA,NA,NA,NA,NA,NA,NA,NA
5/11/2020,1067,1729,19804,24762,4664,120,41.18,0.58,NA,NA,NA,NA,NA,NA,NA,NA,NA,NA,NA
5/12/2020,1530,1600,24196,24952,4967,127,37.76,0.47,NA,NA,NA,NA,NA,NA,NA,NA,NA,NA,NA
5/13/2020,1504,1482,17459,23827,4967,127,38.54,0.52,NA,NA,NA,NA,NA,NA,NA,NA,NA,NA,NA
5/14/2020,1933,1458,34450,24530,5339,136,39.44,0.52,NA,NA,NA,NA,NA,NA,NA,NA,NA,NA,NA
5/15/2020,1542,1449,26889,24325,6053,153,40.75,0.54,NA,NA,NA,NA,NA,NA,NA,NA,NA,NA,NA
5/16/2020,1225,1411,25817,24318,6402,168,40.47,0.55,NA,NA,NA,NA,NA,NA,NA,NA,NA,NA,NA
5/17/2020,926,1389,20023,24091,6635,169,41.75,0.52,NA,NA,NA,NA,NA,NA,NA,NA,NA,NA,NA
5/18/2020,966,1375,23122,24565,7072,173,42.33,0.51,NA,NA,NA,NA,NA,NA,NA,NA,NA,NA,NA
5/19/2020,1184,1325,21709,24209,7655,177,43.2,0.52,NA,NA,NA,NA,NA,NA,NA,NA,NA,NA,NA
5/20/2020,1363,1305,24030,25148,8145,187,42.72,0.54,NA,NA,NA,NA,NA,NA,NA,NA,NA,NA,NA
5/21/2020,1091,1185,25810,23914,8676,193,40.4,0.5,NA,NA,NA,NA,NA,NA,NA,NA,NA,NA,NA
5/22/2020,1794,1221,26027,23791,9216,205,41.18,0.51,NA,NA,NA,NA,NA,NA,NA,NA,NA,NA,NA
5/23/2020,923,1178,21225,23135,9952,215,40.97,0.47,NA,NA,NA,NA,NA,NA,NA,NA,NA,NA,NA
5/24/2020,809,1161,21678,23371,10668,222,41.58,0.48,NA,NA,NA,NA,NA,NA,NA,NA,NA,NA,NA
5/25/2020,681,1120,19524,22857,11180,223,41.64,0.5,NA,NA,NA,NA,NA,NA,NA,NA,NA,NA,NA
5/26/2020,831,1070,16826,22160,11917,224,42.18,0.52,NA,NA,NA,NA,NA,NA,NA,NA,NA,NA,NA
5/27/2020,1288,1059,19800,21555,12465,230,43.19,0.52,NA,NA,NA,NA,NA,NA,NA,NA,NA,NA,NA
5/28/2020,1218,1077,24201,21325,13102,239,42.92,#N/A,NA,NA,NA,NA,NA,NA,NA,NA,NA,NA,NA
5/29/2020,1039,969,23799,21007,13745,250,42.73,0.53,NA,NA,NA,NA,NA,NA,NA,NA,NA,NA,NA
5/30/2020,900,966,24067,21413,14529,252,43.28,0.49,NA,NA,NA,NA,NA,NA,NA,NA,NA,NA,NA
5/31/2020,684,948,21321,21362,15180,254,43.67,0.51,NA,NA,NA,NA,NA,NA,NA,NA,NA,NA,NA
6/1/2020,694,950,17242,21036,15836,269,42.35,0.46,29.36,-26.229,11.184,9.212,15.2,1.268,331689.821,18,11,NA,NA
6/2/2020,939,966,20812,21606,16578,274,43.27,0.49,NA,NA,NA,NA,NA,NA,NA,NA,NA,NA,NA
6/3/2020,1028,928,21027,21781,17353,298,42.85,0.48,NA,NA,NA,NA,NA,NA,NA,NA,NA,NA,NA
6/4/2020,876,880,20660,21275,17977,303,42.97,0.49,NA,NA,NA,NA,NA,NA,NA,NA,NA,NA,NA
6/5/2020,865,855,24720,21407,19055,313,43.96,0.48,NA,NA,NA,NA,NA,NA,NA,NA,NA,NA,NA
6/6/2020,678,823,23708,21355,19637,331,43.71,0.46,NA,NA,NA,NA,NA,NA,NA,NA,NA,NA,NA
6/7/2020,586,809,17757,20846,20428,361,43.53,0.5,NA,NA,NA,NA,NA,NA,NA,NA,NA,NA,NA
6/8/2020,799,824,18078,20966,21003,373,43.3,0.46,NA,NA,NA,NA,NA,NA,NA,NA,NA,NA,NA
6/9/2020,827,808,18576,20646,21308,380,44.31,0.47,NA,NA,NA,NA,NA,NA,NA,NA,NA,NA,NA
6/10/2020,869,785,22256,20822,22228,409,43.98,0.46,NA,NA,NA,NA,NA,NA,NA,NA,NA,NA,NA
6/11/2020,894,788,23005,21157,22976,430,42.96,0.43,NA,NA,NA,NA,NA,NA,NA,NA,NA,NA,NA
6/12/2020,731,769,28397,21682,23632,450,43.29,0.45,NA,NA,NA,NA,NA,NA,NA,NA,NA,NA,NA
6/13/2020,684,770,26418,22069,24188,455,43.39,0.47,NA,NA,NA,NA,NA,NA,NA,NA,NA,NA,NA
6/14/2020,488,756,20518,22464,24852,475,43.11,0.45,NA,NA,NA,NA,NA,NA,NA,NA,NA,NA,NA
6/15/2020,537,718,20678,22835,25613,480,43.51,0.46,NA,NA,NA,NA,NA,NA,NA,NA,NA,NA,NA
6/16/2020,669,696,24785,23722,25719,488,42.98,0.44,NA,NA,NA,NA,NA,NA,NA,NA,NA,NA,NA
6/17/2020,678,668,25870,24238,26960,508,43.13,0.44,NA,NA,NA,NA,NA,NA,NA,NA,NA,NA,NA
6/18/2020,655,634,28651,25045,27423,550,43.76,0.45,NA,NA,NA,NA,NA,NA,NA,NA,NA,NA,NA
6/19/2020,744,636,33230,25735,27964,552,43.99,0.41,NA,NA,NA,NA,NA,NA,NA,NA,NA,NA,NA
6/20/2020,572,620,33326,26722,28383,552,44.92,0.44,NA,NA,NA,NA,NA,NA,NA,NA,NA,NA,NA
6/21/2020,418,610,27247,27683,28919,585,45.04,0.44,NA,NA,NA,NA,NA,NA,NA,NA,NA,NA,NA
6/22/2020,496,604,28780,28841,29229,602,44.07,0.44,NA,NA,NA,NA,NA,NA,NA,NA,NA,NA,NA
6/23/2020,737,614,37891,30713,29567,622,44.19,0.45,NA,NA,NA,NA,NA,NA,NA,NA,NA,NA,NA
6/24/2020,692,616,37239,32337,29726,643,43.68,0.48,NA,NA,NA,NA,NA,NA,NA,NA,NA,NA,NA
6/25/2020,720,625,47188,34985,30261,679,45.09,0.53,NA,NA,NA,NA,NA,NA,NA,NA,NA,NA,NA
6/26/2020,706,620,46552,36889,30346,684,44.87,0.55,NA,NA,NA,NA,NA,NA,NA,NA,NA,NA,NA
6/27/2020,576,620,43447,38334,30702,707,44.86,0.57,NA,NA,NA,NA,NA,NA,NA,NA,NA,NA,NA
6/28/2020,438,623,37549,39806,31053,733,44.91,0.55,NA,NA,NA,NA,NA,NA,NA,NA,NA,NA,NA
6/29/2020,474,620,38696,41223,31324,737,45.34,0.53,NA,NA,NA,NA,NA,NA,NA,NA,NA,NA,NA
6/30/2020,640,606,46663,42476,31445,739,45.21,0.54,NA,NA,NA,NA,NA,NA,NA,NA,NA,NA,NA
7/1/2020,782,619,59322,45631,31848,778,44.56,0.52,29.41,-23.294,10.049,10.227,14.4,1.46,331745.402,16.5,10.2,18560.774,26945391
7/2/2020,705,617,55590,46831,32108,811,43.94,0.48,NA,NA,NA,NA,NA,NA,NA,NA,NA,NA,NA
7/3/2020,812,632,60390,48808,32410,823,44.43,0.51,NA,NA,NA,NA,NA,NA,NA,NA,NA,NA,NA
7/4/2020,543,627,49591,49685,32758,830,46.01,0.54,NA,NA,NA,NA,NA,NA,NA,NA,NA,NA,NA
7/5/2020,455,630,40052,50043,33037,868,45.79,0.53,NA,NA,NA,NA,NA,NA,NA,NA,NA,NA,NA
7/6/2020,627,652,51116,51817,33150,891,44.84,0.58,NA,NA,NA,NA,NA,NA,NA,NA,NA,NA,NA
7/7/2020,923,692,56223,53183,33470,924,45.22,0.6,NA,NA,NA,NA,NA,NA,NA,NA,NA,NA,NA
7/8/2020,1090,736,65116,54011,33680,940,#N/A,0.58,NA,NA,NA,NA,NA,NA,NA,NA,NA,NA,NA
7/9/2020,952,771,62288,54968,33739,941,45.72,0.55,NA,NA,NA,NA,NA,NA,NA,NA,NA,NA,NA
7/10/2020,952,791,68474,56122,34280,975,42.7,0.52,NA,NA,NA,NA,NA,NA,NA,NA,NA,NA,NA
7/11/2020,887,840,67652,58703,34437,979,42.72,0.5,NA,NA,NA,NA,NA,NA,NA,NA,NA,NA,NA
7/12/2020,834,895,59779,61521,34537,1014,41.1,0.58,NA,NA,NA,NA,NA,NA,NA,NA,NA,NA,NA
7/13/2020,736,910,56240,62253,34541,1016,40.67,#N/A,NA,NA,NA,NA,NA,NA,NA,NA,NA,NA,NA
7/14/2020,925,910,64949,63499,34826,1049,38.53,0.55,NA,NA,NA,NA,NA,NA,NA,NA,NA,NA,NA
7/15/2020,1127,916,72286,64524,35026,1098,39.98,0.57,NA,NA,NA,NA,NA,NA,NA,NA,NA,NA,NA
7/16/2020,1082,934,69906,65612,35156,1117,39.27,0.54,NA,NA,NA,NA,NA,NA,NA,NA,NA,NA,NA
7/17/2020,1092,954,77100,66844,35315,1151,38.8,0.54,NA,NA,NA,NA,NA,NA,NA,NA,NA,NA,NA
7/18/2020,995,970,67354,66802,35375,1151,38.57,0.54,NA,NA,NA,NA,NA,NA,NA,NA,NA,NA,NA
7/19/2020,934,984,60072,66843,35561,1185,39.54,0.54,NA,NA,NA,NA,NA,NA,NA,NA,NA,NA,NA
7/20/2020,880,1005,58632,67185,35595,1187,41.23,0.55,NA,NA,NA,NA,NA,NA,NA,NA,NA,NA,NA
7/21/2020,1185,1042,63637,66998,35701,1188,42.35,0.56,NA,NA,NA,NA,NA,NA,NA,NA,NA,NA,NA
7/22/2020,1195,1051,72445,67020,35813,1194,42.16,0.56,NA,NA,NA,NA,NA,NA,NA,NA,NA,NA,NA
7/23/2020,1261,1077,73743,67569,36001,1215,40.37,0.54,NA,NA,NA,NA,NA,NA,NA,NA,NA,NA,NA
7/24/2020,1338,1112,73415,67042,36067,1229,40.84,0.55,NA,NA,NA,NA,NA,NA,NA,NA,NA,NA,NA
7/25/2020,1142,1133,61466,66201,36122,1250,41.09,0.54,NA,NA,NA,NA,NA,NA,NA,NA,NA,NA,NA
7/26/2020,951,1136,58484,65974,36243,1263,41.24,0.53,NA,NA,NA,NA,NA,NA,NA,NA,NA,NA,NA
7/27/2020,953,1146,53609,65257,36349,1273,40.91,0.54,NA,NA,NA,NA,NA,NA,NA,NA,NA,NA,NA
7/28/2020,1185,1146,59121,64611,36454,1274,41.59,0.53,NA,NA,NA,NA,NA,NA,NA,NA,NA,NA,NA
7/29/2020,1168,1142,64850,63526,36557,1275,40.33,0.55,NA,NA,NA,NA,NA,NA,NA,NA,NA,NA,NA
7/30/2020,1421,1165,66811,62536,36628,1275,40.3,0.56,NA,NA,NA,NA,NA,NA,NA,NA,NA,NA,NA
7/31/2020,1389,1172,68722,61866,36628,1275,39.75,0.54,NA,NA,NA,NA,NA,NA,NA,NA,NA,NA,NA
8/1/2020,1125,1170,56546,61163,36796,1287,38,0.57,29.48,-18.884,10.191,12.352,12.8,1.682,331807.968,14.3,8.4,NA,NA
8/2/2020,918,1165,51475,60162,36796,1287,39.78,0.64,NA,NA,NA,NA,NA,NA,NA,NA,NA,NA,NA
8/3/2020,890,1156,45474,58999,36796,1287,41.27,0.62,NA,NA,NA,NA,NA,NA,NA,NA,NA,NA,NA
8/4/2020,1089,1142,51896,57967,36833,1292,40.62,0.65,NA,NA,NA,NA,NA,NA,NA,NA,NA,NA,NA
8/5/2020,1266,1156,56106,56718,36915,1298,42,0.65,NA,NA,NA,NA,NA,NA,NA,NA,NA,NA,NA
8/6/2020,1204,1125,54820,55005,36982,1302,41.63,0.63,NA,NA,NA,NA,NA,NA,NA,NA,NA,NA,NA
8/7/2020,1318,1115,62261,54082,37023,1302,40.5,#N/A,NA,NA,NA,NA,NA,NA,NA,NA,NA,NA,NA
8/8/2020,1043,1104,51643,53382,37101,1311,41.34,0.58,NA,NA,NA,NA,NA,NA,NA,NA,NA,NA,NA
8/9/2020,896,1100,46591,52684,37140,1316,41.81,0.59,NA,NA,NA,NA,NA,NA,NA,NA,NA,NA,NA
8/10/2020,823,1091,44261,52511,37140,1316,41.61,0.6,NA,NA,NA,NA,NA,NA,NA,NA,NA,NA,NA
8/11/2020,1097,1092,59059,53534,37355,1348,41.34,0.62,NA,NA,NA,NA,NA,NA,NA,NA,NA,NA,NA
8/12/2020,1341,1103,55167,53400,37431,1358,41.29,0.62,NA,NA,NA,NA,NA,NA,NA,NA,NA,NA,NA
8/13/2020,1202,1102,52117,53014,37510,1367,41.62,0.67,NA,NA,NA,NA,NA,NA,NA,NA,NA,NA,NA
8/14/2020,1065,1066,56139,52139,37517,1367,40.09,0.69,NA,NA,NA,NA,NA,NA,NA,NA,NA,NA,NA
8/15/2020,942,1052,51712,52149,37637,1374,41.28,0.71,NA,NA,NA,NA,NA,NA,NA,NA,NA,NA,NA
8/16/2020,890,1051,41973,51489,37682,1379,40.71,0.67,NA,NA,NA,NA,NA,NA,NA,NA,NA,NA,NA
8/17/2020,656,1027,41896,51151,37682,1379,39.06,0.65,NA,NA,NA,NA,NA,NA,NA,NA,NA,NA,NA
8/18/2020,942,1005,41696,48671,37685,1379,39.72,0.63,NA,NA,NA,NA,NA,NA,NA,NA,NA,NA,NA
8/19/2020,1280,996,47084,47516,37685,1379,37.86,0.63,NA,NA,NA,NA,NA,NA,NA,NA,NA,NA,NA
8/20/2020,996,967,46823,46760,37845,1387,36.56,0.69,NA,NA,NA,NA,NA,NA,NA,NA,NA,NA,NA
8/21/2020,1023,961,47830,45573,37942,1389,36.33,0.74,NA,NA,NA,NA,NA,NA,NA,NA,NA,NA,NA
8/22/2020,998,969,41763,44152,37980,1389,37.78,0.71,NA,NA,NA,NA,NA,NA,NA,NA,NA,NA,NA
8/23/2020,845,962,37142,43462,38039,1389,38.17,0.73,NA,NA,NA,NA,NA,NA,NA,NA,NA,NA,NA
8/24/2020,613,956,36209,42649,38085,1391,39.68,0.64,NA,NA,NA,NA,NA,NA,NA,NA,NA,NA,NA
8/25/2020,890,949,40799,42521,38156,1401,39.47,0.65,NA,NA,NA,NA,NA,NA,NA,NA,NA,NA,NA
8/26/2020,1065,918,47286,42550,38199,1405,38.08,0.67,NA,NA,NA,NA,NA,NA,NA,NA,NA,NA,NA
8/27/2020,960,913,47041,42581,38215,1405,40.93,0.79,NA,NA,NA,NA,NA,NA,NA,NA,NA,NA,NA
8/28/2020,1037,915,47061,42471,38226,1406,42.25,0.79,NA,NA,NA,NA,NA,NA,NA,NA,NA,NA,NA
8/29/2020,820,890,41051,42369,38229,1406,42.5,#N/A,NA,NA,NA,NA,NA,NA,NA,NA,NA,NA,NA
8/30/2020,727,873,36715,42308,38229,1406,42.16,0.71,NA,NA,NA,NA,NA,NA,NA,NA,NA,NA,NA
8/31/2020,584,869,39217,42738,38248,1406,41.51,0.72,NA,NA,NA,NA,NA,NA,NA,NA,NA,NA,NA
9/1/2020,857,864,39077,42492,38282,1410,42.71,0.72,29.51,-16.247,9.838,14.935,12.1,1.764,331870.265,12.8,7.9,NA,NA
9/2/2020,874,837,42368,41790,38329,1413,42.54,0.69,NA,NA,NA,NA,NA,NA,NA,NA,NA,NA,NA
9/3/2020,952,835,45445,41562,38374,1413,42.91,0.72,NA,NA,NA,NA,NA,NA,NA,NA,NA,NA,NA
9/4/2020,929,820,51324,42171,38374,1413,43.09,0.68,NA,NA,NA,NA,NA,NA,NA,NA,NA,NA,NA
9/5/2020,789,816,41703,42264,38390,1413,43.79,0.67,NA,NA,NA,NA,NA,NA,NA,NA,NA,NA,NA
9/6/2020,694,811,33714,41835,38484,1416,45,0.7,NA,NA,NA,NA,NA,NA,NA,NA,NA,NA,NA
9/7/2020,420,787,25077,39815,38580,1419,46.63,0.72,NA,NA,NA,NA,NA,NA,NA,NA,NA,NA,NA
9/8/2020,576,747,28634,38323,38606,1422,47.3,0.71,NA,NA,NA,NA,NA,NA,NA,NA,NA,NA,NA
9/9/2020,840,742,35309,37315,38630,1424,46.32,#N/A,NA,NA,NA,NA,NA,NA,NA,NA,NA,NA,NA
9/10/2020,846,727,38872,36376,38658,1424,46.88,0.68,NA,NA,NA,NA,NA,NA,NA,NA,NA,NA,NA
9/11/2020,880,720,44376,35383,38692,1424,46.84,0.68,NA,NA,NA,NA,NA,NA,NA,NA,NA,NA,NA
9/12/2020,650,700,40275,35179,38727,1424,47.03,0.75,NA,NA,NA,NA,NA,NA,NA,NA,NA,NA,NA
9/13/2020,746,708,33006,35078,38802,1424,47.8,0.79,NA,NA,NA,NA,NA,NA,NA,NA,NA,NA,NA
9/14/2020,454,713,34666,36448,38858,1429,48.37,0.76,NA,NA,NA,NA,NA,NA,NA,NA,NA,NA,NA
9/15/2020,776,741,37183,37669,38901,1430,49.1,0.81,NA,NA,NA,NA,NA,NA,NA,NA,NA,NA,NA
9/16/2020,1107,779,44829,39029,38941,1440,48.63,0.8,NA,NA,NA,NA,NA,NA,NA,NA,NA,NA,NA
9/17/2020,732,763,45405,39962,38958,1440,48.84,0.78,NA,NA,NA,NA,NA,NA,NA,NA,NA,NA,NA
9/18/2020,823,755,48160,40503,38969,1441,48.81,0.79,NA,NA,NA,NA,NA,NA,NA,NA,NA,NA,NA
9/19/2020,658,756,42504,40821,39005,1441,50.33,0.78,NA,NA,NA,NA,NA,NA,NA,NA,NA,NA,NA
9/20/2020,472,717,34286,41004,39130,1445,50.01,0.79,NA,NA,NA,NA,NA,NA,NA,NA,NA,NA,NA
9/21/2020,580,735,41739,42015,39160,1448,50.27,0.77,NA,NA,NA,NA,NA,NA,NA,NA,NA,NA,NA
9/22/2020,659,718,50045,43852,39182,1449,50.77,0.81,NA,NA,NA,NA,NA,NA,NA,NA,NA,NA,NA
9/23/2020,907,690,42684,43546,39231,1450,50.83,0.79,NA,NA,NA,NA,NA,NA,NA,NA,NA,NA,NA
9/24/2020,747,692,46382,43685,39256,1455,51.2,0.81,NA,NA,NA,NA,NA,NA,NA,NA,NA,NA,NA
9/25/2020,769,684,50205,43977,39272,1455,52.17,0.82,NA,NA,NA,NA,NA,NA,NA,NA,NA,NA,NA
9/26/2020,672,686,42885,44032,39278,1457,50.61,0.82,NA,NA,NA,NA,NA,NA,NA,NA,NA,NA,NA
9/27/2020,502,690,35269,44172,39313,1457,49.88,0.8,NA,NA,NA,NA,NA,NA,NA,NA,NA,NA,NA
9/28/2020,422,668,39251,43817,39325,1460,51.05,0.83,NA,NA,NA,NA,NA,NA,NA,NA,NA,NA,NA
9/29/2020,804,689,38961,42233,39340,1462,50.88,0.81,NA,NA,NA,NA,NA,NA,NA,NA,NA,NA,NA
9/30/2020,689,657,45998,42707,39354,1462,#N/A,#N/A,NA,NA,NA,NA,NA,NA,NA,NA,NA,NA,NA
10/1/2020,752,658,47512,42868,39371,1462,50.88,0.81,29.53,-20.185,9.879,17.858,10.9,1.597,331944.69,12.1,6.9,18767.778,27747798
10/2/2020,912,679,51185,43008,39376,1462,50.44,0.82,NA,NA,NA,NA,NA,NA,NA,NA,NA,NA,NA
10/3/2020,544,660,48036,43744,39383,1466,50.74,0.81,NA,NA,NA,NA,NA,NA,NA,NA,NA,NA,NA
10/4/2020,606,675,35616,43794,39427,1466,51.22,0.8,NA,NA,NA,NA,NA,NA,NA,NA,NA,NA,NA
10/5/2020,529,690,41751,44151,39508,1470,#N/A,#N/A,NA,NA,NA,NA,NA,NA,NA,NA,NA,NA,NA
10/6/2020,641,667,41943,44577,39572,1471,50.37,0.82,NA,NA,NA,NA,NA,NA,NA,NA,NA,NA,NA
10/7/2020,805,684,54337,45768,39634,1473,53.16,0.83,NA,NA,NA,NA,NA,NA,NA,NA,NA,NA,NA
10/8/2020,733,681,55685,46936,39702,1474,53.8,0.9,NA,NA,NA,NA,NA,NA,NA,NA,NA,NA,NA
10/9/2020,790,664,59179,48078,39779,1476,53.7,0.94,NA,NA,NA,NA,NA,NA,NA,NA,NA,NA,NA
10/10/2020,675,682,54010,48931,39789,1477,55.51,0.99,NA,NA,NA,NA,NA,NA,NA,NA,NA,NA,NA
10/11/2020,579,678,44782,50241,39885,1481,54.84,1.01,NA,NA,NA,NA,NA,NA,NA,NA,NA,NA,NA
10/12/2020,508,675,50066,51428,39956,1483,55.98,1.01,NA,NA,NA,NA,NA,NA,NA,NA,NA,NA,NA
10/13/2020,655,677,50591,52664,40014,1484,55.52,0.96,NA,NA,NA,NA,NA,NA,NA,NA,NA,NA,NA
10/14/2020,829,681,58073,53198,40080,1485,55.76,0.99,NA,NA,NA,NA,NA,NA,NA,NA,NA,NA,NA
10/15/2020,715,678,63148,54264,40112,1485,54.8,0.98,NA,NA,NA,NA,NA,NA,NA,NA,NA,NA,NA
10/16/2020,879,691,69424,55727,40159,1489,54.21,#N/A,NA,NA,NA,NA,NA,NA,NA,NA,NA,NA,NA
10/17/2020,689,693,54754,55834,40227,1492,55.38,0.96,NA,NA,NA,NA,NA,NA,NA,NA,NA,NA,NA
10/18/2020,746,717,49116,56453,40286,1496,55.66,0.97,NA,NA,NA,NA,NA,NA,NA,NA,NA,NA,NA
10/19/2020,621,733,62074,58168,40373,1501,55.68,0.99,NA,NA,NA,NA,NA,NA,NA,NA,NA,NA,NA
10/20/2020,801,754,59149,59391,40461,1503,55.22,0.97,NA,NA,NA,NA,NA,NA,NA,NA,NA,NA,NA
10/21/2020,1044,785,70215,61125,40461,1503,55.44,0.92,NA,NA,NA,NA,NA,NA,NA,NA,NA,NA,NA
10/22/2020,933,816,75043,62825,40510,1503,55.26,0.94,NA,NA,NA,NA,NA,NA,NA,NA,NA,NA,NA
10/23/2020,947,825,82963,64759,40626,1505,55.07,0.92,NA,NA,NA,NA,NA,NA,NA,NA,NA,NA,NA
10/24/2020,795,841,76533,67870,40687,1507,54.87,0.95,NA,NA,NA,NA,NA,NA,NA,NA,NA,NA,NA
10/25/2020,611,821,65967,70277,40768,1511,55.25,1,NA,NA,NA,NA,NA,NA,NA,NA,NA,NA,NA
10/26/2020,701,833,69962,71404,40833,1514,56.42,0.98,NA,NA,NA,NA,NA,NA,NA,NA,NA,NA,NA
10/27/2020,894,846,76006,73812,40937,1518,57.62,1.01,NA,NA,NA,NA,NA,NA,NA,NA,NA,NA,NA
10/28/2020,1072,850,85092,75938,41032,1523,58.61,1.04,NA,NA,NA,NA,NA,NA,NA,NA,NA,NA,NA
10/29/2020,1103,874,91554,78296,41145,1529,58.98,1.04,NA,NA,NA,NA,NA,NA,NA,NA,NA,NA,NA
10/30/2020,932,872,98071,80455,41268,1532,59.48,1.1,NA,NA,NA,NA,NA,NA,NA,NA,NA,NA,NA
10/31/2020,933,892,93381,82861,41334,1533,60.17,1.08,NA,NA,NA,NA,NA,NA,NA,NA,NA,NA,NA
11/1/2020,714,907,74292,84051,41425,1536,60.74,1.07,29.65,-21.076,9.514,20.229,10.4,1.558,331996.364,12,6.7,NA,NA
11/2/2020,751,914,87547,86563,41501,1536,61.17,1.04,NA,NA,NA,NA,NA,NA,NA,NA,NA,NA,NA
11/3/2020,1035,934,98919,89836,41633,1541,61.09,1.05,NA,NA,NA,NA,NA,NA,NA,NA,NA,NA,NA
11/4/2020,1308,968,114995,94108,41728,1544,62.47,1.09,NA,NA,NA,NA,NA,NA,NA,NA,NA,NA,NA
11/5/2020,1217,984,123760,98709,41814,1548,63.58,#N/A,NA,NA,NA,NA,NA,NA,NA,NA,NA,NA,NA
11/6/2020,1299,1036,134454,103906,41935,1554,63.96,1.17,NA,NA,NA,NA,NA,NA,NA,NA,NA,NA,NA
11/7/2020,1074,1056,129469,109062,41975,1554,65.02,1.18,NA,NA,NA,NA,NA,NA,NA,NA,NA,NA,NA
11/8/2020,894,1082,111919,114437,42033,1556,64.09,1.18,NA,NA,NA,NA,NA,NA,NA,NA,NA,NA,NA
11/9/2020,952,1111,125316,119833,42159,1562,62.84,1.23,NA,NA,NA,NA,NA,NA,NA,NA,NA,NA,NA
11/10/2020,1226,1138,147660,126796,42297,1574,64.73,1.26,NA,NA,NA,NA,NA,NA,NA,NA,NA,NA,NA
11/11/2020,1518,1168,154286,132409,42463,1577,65.16,1.26,NA,NA,NA,NA,NA,NA,NA,NA,NA,NA,NA
11/12/2020,1367,1190,162880,137997,42609,1581,66.85,1.26,NA,NA,NA,NA,NA,NA,NA,NA,NA,NA,NA
11/13/2020,1275,1186,178169,144242,42795,1591,66.69,1.37,NA,NA,NA,NA,NA,NA,NA,NA,NA,NA,NA
11/14/2020,1457,1241,164361,149227,42969,1595,65.86,1.3,NA,NA,NA,NA,NA,NA,NA,NA,NA,NA,NA
11/15/2020,1037,1261,139671,153191,43035,1605,64.56,1.32,NA,NA,NA,NA,NA,NA,NA,NA,NA,NA,NA
11/16/2020,1064,1277,153120,157163,43240,1617,63.17,1.29,NA,NA,NA,NA,NA,NA,NA,NA,NA,NA,NA
11/17/2020,1590,1329,167782,160038,43403,1626,64.7,1.33,NA,NA,NA,NA,NA,NA,NA,NA,NA,NA,NA
11/18/2020,1858,1378,171722,162529,43628,1638,67.32,1.4,NA,NA,NA,NA,NA,NA,NA,NA,NA,NA,NA
11/19/2020,1914,1456,190435,166465,43851,1645,69.95,1.42,NA,NA,NA,NA,NA,NA,NA,NA,NA,NA,NA
11/20/2020,1993,1559,194842,168847,44228,1650,68,1.42,NA,NA,NA,NA,NA,NA,NA,NA,NA,NA,NA
11/21/2020,1694,1592,174418,170284,44443,1661,67.03,1.38,NA,NA,NA,NA,NA,NA,NA,NA,NA,NA,NA
11/22/2020,1321,1633,151254,171939,44503,1675,67.53,1.37,NA,NA,NA,NA,NA,NA,NA,NA,NA,NA,NA
11/23/2020,1463,1690,159973,172918,44706,1687,69.34,1.4,NA,NA,NA,NA,NA,NA,NA,NA,NA,NA,NA
11/24/2020,1886,1732,175823,174066,44988,1695,68.87,1.5,NA,NA,NA,NA,NA,NA,NA,NA,NA,NA,NA
11/25/2020,2304,1796,195691,177490,45278,1712,68.78,1.48,NA,NA,NA,NA,NA,NA,NA,NA,NA,NA,NA
11/26/2020,1670,1761,144824,170975,45490,1725,67.95,1.47,NA,NA,NA,NA,NA,NA,NA,NA,NA,NA,NA
11/27/2020,1671,1715,165968,166850,45716,1737,67.73,1.5,NA,NA,NA,NA,NA,NA,NA,NA,NA,NA,NA
11/28/2020,1501,1688,144519,162578,45839,1740,62.11,1.55,NA,NA,NA,NA,NA,NA,NA,NA,NA,NA,NA
11/29/2020,1291,1683,141555,161193,45966,1752,64,1.58,NA,NA,NA,NA,NA,NA,NA,NA,NA,NA,NA
11/30/2020,1600,1703,152692,160153,46215,1763,63.89,1.54,NA,NA,NA,NA,NA,NA,NA,NA,NA,NA,NA
12/1/2020,2384,1774,193342,162655,46498,1774,59.96,1.48,29.92,-16.137,9.975,22.155,10,1.67,331996.358,11.7,6.7,NA,NA
12/2/2020,2784,1843,210133,164719,46717,1795,63.7,1.48,NA,NA,NA,NA,NA,NA,NA,NA,NA,NA,NA
12/3/2020,2723,1993,218463,175238,46980,1822,61.21,1.49,NA,NA,NA,NA,NA,NA,NA,NA,NA,NA,NA
12/4/2020,2630,2130,225975,183811,47258,1841,63.77,1.53,NA,NA,NA,NA,NA,NA,NA,NA,NA,NA,NA
12/5/2020,2339,2250,206749,192701,47388,1847,64.06,1.59,NA,NA,NA,NA,NA,NA,NA,NA,NA,NA,NA
12/6/2020,1608,2295,177568,197846,47641,1865,63.28,1.57,NA,NA,NA,NA,NA,NA,NA,NA,NA,NA,NA
12/7/2020,2017,2355,183766,202285,47901,1875,63.52,1.58,NA,NA,NA,NA,NA,NA,NA,NA,NA,NA,NA
12/8/2020,2549,2378,227937,207227,48136,1902,63.85,1.52,NA,NA,NA,NA,NA,NA,NA,NA,NA,NA,NA
12/9/2020,3370,2462,222551,209001,48366,1908,#N/A,1.53,NA,NA,NA,NA,NA,NA,NA,NA,NA,NA,NA
12/10/2020,2693,2458,209231,207682,48540,1921,#N/A,1.56,NA,NA,NA,NA,NA,NA,NA,NA,NA,NA,NA
12/11/2020,3203,2539,247444,210749,48753,1939,61.47,1.51,NA,NA,NA,NA,NA,NA,NA,NA,NA,NA,NA
12/12/2020,2400,2548,216872,212195,48826,1949,61.86,1.52,NA,NA,NA,NA,NA,NA,NA,NA,NA,NA,NA
12/13/2020,2046,2611,181603,212772,48952,1960,62.09,1.5,NA,NA,NA,NA,NA,NA,NA,NA,NA,NA,NA
12/14/2020,2018,2611,198288,214846,49273,1971,61.89,1.51,NA,NA,NA,NA,NA,NA,NA,NA,NA,NA,NA
12/15/2020,2765,2642,200665,210950,49484,1975,62.38,1.51,NA,NA,NA,NA,NA,NA,NA,NA,NA,NA,NA
12/16/2020,3395,2645,241849,213707,49703,2001,62.83,1.48,NA,NA,NA,NA,NA,NA,NA,NA,NA,NA,NA
12/17/2020,3347,2739,247211,219133,49927,2017,66.11,1.48,NA,NA,NA,NA,NA,NA,NA,NA,NA,NA,NA
12/18/2020,2976,2706,237278,217680,50202,2032,66.13,1.4,NA,NA,NA,NA,NA,NA,NA,NA,NA,NA,NA
12/19/2020,2685,2747,203069,215709,50456,2037,65.98,1.43,NA,NA,NA,NA,NA,NA,NA,NA,NA,NA,NA
12/20/2020,2091,2753,187635,216570,50536,2054,66.54,1.45,NA,NA,NA,NA,NA,NA,NA,NA,NA,NA,NA
12/21/2020,2188,2778,183821,214504,50678,2074,65.34,1.43,NA,NA,NA,NA,NA,NA,NA,NA,NA,NA,NA
12/22/2020,2910,2798,199108,214281,50888,2089,64.02,1.42,NA,NA,NA,NA,NA,NA,NA,NA,NA,NA,NA
12/23/2020,3209,2772,226962,212154,51070,2105,65.07,1.41,NA,NA,NA,NA,NA,NA,NA,NA,NA,NA,NA
12/24/2020,3032,2727,202822,205813,51357,2126,65.75,1.42,NA,NA,NA,NA,NA,NA,NA,NA,NA,NA,NA
12/25/2020,2221,2619,159655,194724,51595,2135,65.5,1.4,NA,NA,NA,NA,NA,NA,NA,NA,NA,NA,NA
12/26/2020,1649,2471,150141,187163,51764,2148,66.25,1.46,NA,NA,NA,NA,NA,NA,NA,NA,NA,NA,NA
12/27/2020,1898,2443,154853,182480,51848,2158,67.08,1.46,NA,NA,NA,NA,NA,NA,NA,NA,NA,NA,NA
12/28/2020,2240,2451,178466,181715,52007,2170,68.26,1.49,NA,NA,NA,NA,NA,NA,NA,NA,NA,NA,NA
12/29/2020,3360,2515,209305,183172,52147,2182,67.73,1.49,NA,NA,NA,NA,NA,NA,NA,NA,NA,NA,NA
12/30/2020,3770,2595,237847,184727,52330,2189,#N/A,1.47,NA,NA,NA,NA,NA,NA,NA,NA,NA,NA,NA
12/31/2020,3774,2701,230255,188646,52330,2189,68.91,1.45,NA,NA,NA,NA,NA,NA,NA,NA,NA,NA,NA
1/1/2021,3023,2816,227595,198351,52513,2201,69.71,1.43,29.93,-8.475,9.676,24.079,9.2,1.706,331939.819,11.1,6.4,19055.655,28132570
1/2/2021,2369,2919,227102,209346,52586,2211,68.62,1.42,NA,NA,NA,NA,NA,NA,NA,NA,NA,NA,NA
1/3/2021,2046,2940,204830,216485,52709,2221,68.73,1.46,NA,NA,NA,NA,NA,NA,NA,NA,NA,NA,NA
1/4/2021,2092,2919,175357,216041,52909,2230,68.61,1.47,NA,NA,NA,NA,NA,NA,NA,NA,NA,NA,NA
1/5/2021,3490,2937,243777,220966,53011,2237,68.83,1.48,NA,NA,NA,NA,NA,NA,NA,NA,NA,NA,NA
1/6/2021,3864,2951,259556,224067,53105,2244,69.62,1.53,NA,NA,NA,NA,NA,NA,NA,NA,NA,NA,NA
1/7/2021,3981,2980,270164,229768,53207,2253,67.36,1.5,NA,NA,NA,NA,NA,NA,NA,NA,NA,NA,NA
1/8/2021,3772,3087,293325,239158,53332,2257,69.24,1.47,NA,NA,NA,NA,NA,NA,NA,NA,NA,NA,NA
1/9/2021,3336,3225,255951,243280,53400,2264,69.62,1.48,NA,NA,NA,NA,NA,NA,NA,NA,NA,NA,NA
1/10/2021,2563,3299,224958,246155,53489,2277,69.01,1.48,NA,NA,NA,NA,NA,NA,NA,NA,NA,NA,NA
1/11/2021,2619,3375,204538,250324,53538,2288,66.88,1.52,NA,NA,NA,NA,NA,NA,NA,NA,NA,NA,NA
1/12/2021,3602,3391,218031,246646,53584,2301,65.18,1.48,NA,NA,NA,NA,NA,NA,NA,NA,NA,NA,NA
1/13/2021,4071,3420,228273,242177,53690,2308,66.72,1.46,NA,NA,NA,NA,NA,NA,NA,NA,NA,NA,NA
1/14/2021,3708,3381,223815,235555,53775,2314,68.59,1.46,NA,NA,NA,NA,NA,NA,NA,NA,NA,NA,NA
1/15/2021,3407,3329,240118,227954,53831,2324,68.8,1.41,NA,NA,NA,NA,NA,NA,NA,NA,NA,NA,NA
1/16/2021,3526,3356,213351,221869,53938,2336,68.93,1.44,NA,NA,NA,NA,NA,NA,NA,NA,NA,NA,NA
1/17/2021,2577,3358,184331,216065,53984,2339,69.43,1.47,NA,NA,NA,NA,NA,NA,NA,NA,NA,NA,NA
1/18/2021,2286,3311,151692,208515,54062,2343,69.36,1.44,NA,NA,NA,NA,NA,NA,NA,NA,NA,NA,NA
1/19/2021,2757,3190,149969,198792,54141,2346,#N/A,#N/A,NA,NA,NA,NA,NA,NA,NA,NA,NA,NA,NA
1/20/2021,3858,3159,188351,193089,54278,2354,70.03,1.46,NA,NA,NA,NA,NA,NA,NA,NA,NA,NA,NA
1/21/2021,3838,3178,188611,188060,54403,2363,70.6,1.46,NA,NA,NA,NA,NA,NA,NA,NA,NA,NA,NA
1/22/2021,3688,3218,191204,181072,54483,2370,70.71,1.47,NA,NA,NA,NA,NA,NA,NA,NA,NA,NA,NA
1/23/2021,2987,3141,165138,174185,54559,2373,71.3,1.42,NA,NA,NA,NA,NA,NA,NA,NA,NA,NA,NA
1/24/2021,2482,3128,144435,168485,54595,2378,70.89,1.41,NA,NA,NA,NA,NA,NA,NA,NA,NA,NA,NA
1/25/2021,2129,3105,134345,166007,54672,2385,71.39,1.39,NA,NA,NA,NA,NA,NA,NA,NA,NA,NA,NA
1/26/2021,3560,3220,146828,165558,54750,2389,71.31,1.34,NA,NA,NA,NA,NA,NA,NA,NA,NA,NA,NA
1/27/2021,3982,3238,159389,161421,54854,2389,71.65,1.31,NA,NA,NA,NA,NA,NA,NA,NA,NA,NA,NA
1/28/2021,3865,3241,156410,156821,54891,2397,72.05,1.31,NA,NA,NA,NA,NA,NA,NA,NA,NA,NA,NA
1/29/2021,3270,3182,164601,153020,54939,2399,72.27,1.35,NA,NA,NA,NA,NA,NA,NA,NA,NA,NA,NA
1/30/2021,2770,3151,137810,149116,55008,2400,73.38,1.35,NA,NA,NA,NA,NA,NA,NA,NA,NA,NA,NA
1/31/2021,2294,3124,112577,144565,55023,2400,73.88,1.36,NA,NA,NA,NA,NA,NA,NA,NA,NA,NA,NA
2/1/2021,2279,3145,129003,143802,55059,2404,72.92,1.29,30.04,4.825,9.213,26.036,9.8,1.684,331946.15,11.1,6.2,NA,NA
2/2/2021,2968,3061,122060,140264,55121,2405,73.1,1.19,NA,NA,NA,NA,NA,NA,NA,NA,NA,NA,NA
2/3/2021,3317,2966,108865,133046,55174,2406,74.49,1.23,NA,NA,NA,NA,NA,NA,NA,NA,NA,NA,NA
2/4/2021,3132,2861,125433,128621,55231,2407,74.92,1.23,NA,NA,NA,NA,NA,NA,NA,NA,NA,NA,NA
2/5/2021,3418,2882,124972,122960,55265,2407,75.22,1.24,NA,NA,NA,NA,NA,NA,NA,NA,NA,NA,NA
2/6/2021,2774,2883,108864,118824,55330,2408,75.95,1.23,NA,NA,NA,NA,NA,NA,NA,NA,NA,NA,NA
2/7/2021,1811,2814,92023,115888,55335,2410,76.45,1.26,NA,NA,NA,NA,NA,NA,NA,NA,NA,NA,NA
2/8/2021,1697,2731,82408,109232,55359,2413,74.78,1.24,NA,NA,NA,NA,NA,NA,NA,NA,NA,NA,NA
2/9/2021,2440,2655,91588,104879,55384,2414,75.38,1.22,NA,NA,NA,NA,NA,NA,NA,NA,NA,NA,NA
2/10/2021,2828,2585,99175,103494,55402,2418,76.94,1.2,NA,NA,NA,NA,NA,NA,NA,NA,NA,NA,NA
2/11/2021,3246,2602,99476,99786,55420,2419,76.69,1.23,NA,NA,NA,NA,NA,NA,NA,NA,NA,NA,NA
2/12/2021,2527,2474,97877,95915,55445,2424,77.51,1.2,NA,NA,NA,NA,NA,NA,NA,NA,NA,NA,NA
2/13/2021,2109,2379,84908,92493,55473,2427,78.34,#N/A,NA,NA,NA,NA,NA,NA,NA,NA,NA,NA,NA
2/14/2021,1554,2343,66791,88889,55492,2427,75.81,1.15,NA,NA,NA,NA,NA,NA,NA,NA,NA,NA,NA
2/15/2021,1399,2300,58390,85457,55514,2427,74.31,1.11,NA,NA,NA,NA,NA,NA,NA,NA,NA,NA,NA
2/16/2021,1431,2156,57464,80583,55518,2428,75.07,1.11,NA,NA,NA,NA,NA,NA,NA,NA,NA,NA,NA
2/17/2021,2193,2065,63967,75553,55540,2428,77.14,1.14,NA,NA,NA,NA,NA,NA,NA,NA,NA,NA,NA
2/18/2021,2260,1924,68577,71139,55557,2430,76.77,1.15,NA,NA,NA,NA,NA,NA,NA,NA,NA,NA,NA
2/19/2021,2450,1913,73775,67696,55575,2430,77.5,1.16,NA,NA,NA,NA,NA,NA,NA,NA,NA,NA,NA
2/20/2021,1896,1883,66195,65022,55580,2430,75.74,1.14,NA,NA,NA,NA,NA,NA,NA,NA,NA,NA,NA
2/21/2021,1545,1882,55745,63444,55604,2432,74.53,1.08,NA,NA,NA,NA,NA,NA,NA,NA,NA,NA,NA
2/22/2021,1523,1899,56467,63170,55617,2433,74.46,1.06,NA,NA,NA,NA,NA,NA,NA,NA,NA,NA,NA
2/23/2021,1709,1939,70421,65021,55646,2435,69.33,0.98,NA,NA,NA,NA,NA,NA,NA,NA,NA,NA,NA
2/24/2021,2007,1912,72828,66286,55664,2436,70.03,1.03,NA,NA,NA,NA,NA,NA,NA,NA,NA,NA,NA
2/25/2021,2936,2009,71893,66760,55680,2438,72.54,1.08,NA,NA,NA,NA,NA,NA,NA,NA,NA,NA,NA
2/26/2021,1934,1935,73587,66733,55696,2442,74.25,1.07,NA,NA,NA,NA,NA,NA,NA,NA,NA,NA,NA
2/27/2021,1613,1895,68122,67009,55707,2443,74.86,1.08,NA,NA,NA,NA,NA,NA,NA,NA,NA,NA,NA
2/28/2021,1089,1830,52149,66495,55714,2443,74.79,1.07,NA,NA,NA,NA,NA,NA,NA,NA,NA,NA,NA
3/1/2021,1258,1792,51359,65765,55733,2444,74.87,1.05,30.06,27.215,8.837,29.056,9.5,2.233,331954.247,10.7,6,NA,NA
3/2/2021,1357,1742,54402,63477,55759,2446,75.09,1.06,NA,NA,NA,NA,NA,NA,NA,NA,NA,NA,NA
3/3/2021,1558,1677,66013,62503,55770,2446,76.3,1.08,NA,NA,NA,NA,NA,NA,NA,NA,NA,NA,NA
3/4/2021,1560,1481,65545,61596,55775,2446,77.72,1.05,NA,NA,NA,NA,NA,NA,NA,NA,NA,NA,NA
3/5/2021,1956,1484,64232,60260,55827,2449,73.91,1.03,NA,NA,NA,NA,NA,NA,NA,NA,NA,NA,NA
3/6/2021,1271,1435,57690,58770,55840,2449,73.24,1.02,NA,NA,NA,NA,NA,NA,NA,NA,NA,NA,NA
3/7/2021,913,1410,43550,57541,55847,2449,70.99,1.02,NA,NA,NA,NA,NA,NA,NA,NA,NA,NA,NA
3/8/2021,821,1348,43399,56404,55876,2451,72.14,1.02,NA,NA,NA,NA,NA,NA,NA,NA,NA,NA,NA
3/9/2021,1019,1299,52939,56195,55876,2451,71.02,1.1,NA,NA,NA,NA,NA,NA,NA,NA,NA,NA,NA
3/10/2021,1581,1303,62161,55645,55894,2451,69.65,1.1,NA,NA,NA,NA,NA,NA,NA,NA,NA,NA,NA
3/11/2021,1324,1269,60203,54882,55917,2451,71.14,1.12,NA,NA,NA,NA,NA,NA,NA,NA,NA,NA,NA
3/12/2021,1287,1173,64287,54889,55959,2454,71.99,1.12,NA,NA,NA,NA,NA,NA,NA,NA,NA,NA,NA
3/13/2021,976,1131,52441,54140,55959,2454,71.79,1.13,NA,NA,NA,NA,NA,NA,NA,NA,NA,NA,NA
3/14/2021,662,1095,47459,54698,55985,2457,70.9,1.06,NA,NA,NA,NA,NA,NA,NA,NA,NA,NA,NA
3/15/2021,699,1078,43775,54752,55985,2459,70.07,1.05,NA,NA,NA,NA,NA,NA,NA,NA,NA,NA,NA
3/16/2021,863,1056,52006,54618,55995,2460,69.4,1.03,NA,NA,NA,NA,NA,NA,NA,NA,NA,NA,NA
3/17/2021,1056,981,61731,54557,56016,2460,68.61,1.04,NA,NA,NA,NA,NA,NA,NA,NA,NA,NA,NA
3/18/2021,839,911,62887,54940,56044,2462,66.8,1.02,NA,NA,NA,NA,NA,NA,NA,NA,NA,NA,NA
3/19/2021,1186,897,62385,54669,56069,2462,65.51,1.03,NA,NA,NA,NA,NA,NA,NA,NA,NA,NA,NA
3/20/2021,722,861,58407,55521,56093,2462,69.07,1.02,NA,NA,NA,NA,NA,NA,NA,NA,NA,NA,NA
3/21/2021,549,844,45408,55228,56103,2463,71.21,1.05,NA,NA,NA,NA,NA,NA,NA,NA,NA,NA,NA
3/22/2021,943,879,48527,55907,56153,2464,72.12,1.12,NA,NA,NA,NA,NA,NA,NA,NA,NA,NA,NA
3/23/2021,753,864,58012,56765,56177,2466,70.42,1.09,NA,NA,NA,NA,NA,NA,NA,NA,NA,NA,NA
3/24/2021,1121,873,68449,57725,56192,2466,72.26,1.09,NA,NA,NA,NA,NA,NA,NA,NA,NA,NA,NA
3/25/2021,989,894,65985,58167,56226,2467,#N/A,1.09,NA,NA,NA,NA,NA,NA,NA,NA,NA,NA,NA
3/26/2021,1060,876,75251,60005,56254,2467,73.45,1.1,NA,NA,NA,NA,NA,NA,NA,NA,NA,NA,NA
3/27/2021,856,895,63446,60725,56290,2469,71.99,1.11,NA,NA,NA,NA,NA,NA,NA,NA,NA,NA,NA
3/28/2021,617,905,53465,61876,56294,2470,73.56,1.09,NA,NA,NA,NA,NA,NA,NA,NA,NA,NA,NA
3/29/2021,557,850,58447,63293,56322,2472,73.07,1.12,NA,NA,NA,NA,NA,NA,NA,NA,NA,NA,NA
3/30/2021,723,846,61788,63833,56384,2476,72.43,#N/A,NA,NA,NA,NA,NA,NA,NA,NA,NA,NA,NA
3/31/2021,958,822,70982,64194,56454,2484,71.52,1.16,NA,NA,NA,NA,NA,NA,NA,NA,NA,NA,NA
4/1/2021,817,798,74316,65385,56517,2489,72.36,1.13,30.2,45.485,6.219,32.602,9.7,3.472,331951.574,10.3,6,19368.31,28529436
4/2/2021,844,767,71072,64788,56572,2495,71.32,1.07,NA,NA,NA,NA,NA,NA,NA,NA,NA,NA,NA
4/3/2021,744,751,63944,64859,56595,2496,72.44,1.12,NA,NA,NA,NA,NA,NA,NA,NA,NA,NA,NA
4/4/2021,519,737,45719,63752,56676,2497,72.97,1.12,NA,NA,NA,NA,NA,NA,NA,NA,NA,NA,NA
4/5/2021,375,711,56981,63543,56717,2508,73.05,1.07,NA,NA,NA,NA,NA,NA,NA,NA,NA,NA,NA
4/6/2021,722,711,64238,63893,56779,2512,74.84,1.1,NA,NA,NA,NA,NA,NA,NA,NA,NA,NA,NA
4/7/2021,827,692,76101,64624,56873,2512,75.14,1.11,NA,NA,NA,NA,NA,NA,NA,NA,NA,NA,NA
4/8/2021,861,698,76494,64935,56943,2516,74.64,1.14,NA,NA,NA,NA,NA,NA,NA,NA,NA,NA,NA
4/9/2021,839,698,77503,65854,57019,2521,73.59,1.08,NA,NA,NA,NA,NA,NA,NA,NA,NA,NA,NA
4/10/2021,748,698,68834,66552,57144,2521,73.65,1.11,NA,NA,NA,NA,NA,NA,NA,NA,NA,NA,NA
4/11/2021,468,691,54402,67793,57160,2521,75.5,1.07,NA,NA,NA,NA,NA,NA,NA,NA,NA,NA,NA
4/12/2021,546,715,62113,68526,57242,2529,76.44,1.14,NA,NA,NA,NA,NA,NA,NA,NA,NA,NA,NA
4/13/2021,748,719,71944,69627,57364,2529,77.42,1.18,NA,NA,NA,NA,NA,NA,NA,NA,NA,NA,NA
4/14/2021,801,715,71979,69038,57492,2532,78.85,1.17,NA,NA,NA,NA,NA,NA,NA,NA,NA,NA,NA
4/15/2021,797,706,73310,68583,57534,2533,78.3,1.23,NA,NA,NA,NA,NA,NA,NA,NA,NA,NA,NA
4/16/2021,813,703,72265,67835,57612,2535,77.86,1.25,NA,NA,NA,NA,NA,NA,NA,NA,NA,NA,NA
4/17/2021,636,687,78480,69213,57721,2539,77.81,1.24,NA,NA,NA,NA,NA,NA,NA,NA,NA,NA,NA
4/18/2021,503,692,50109,68600,57793,2539,79.4,1.21,NA,NA,NA,NA,NA,NA,NA,NA,NA,NA,NA
4/19/2021,487,683,36052,64877,57898,2546,81.44,1.22,NA,NA,NA,NA,NA,NA,NA,NA,NA,NA,NA
4/20/2021,740,682,57901,62870,58037,2549,82.72,1.26,NA,NA,NA,NA,NA,NA,NA,NA,NA,NA,NA
4/21/2021,779,679,64372,61784,58214,2557,81.39,1.23,NA,NA,NA,NA,NA,NA,NA,NA,NA,NA,NA
4/22/2021,794,678,62934,60301,58312,2561,82.34,1.26,NA,NA,NA,NA,NA,NA,NA,NA,NA,NA,NA
4/23/2021,846,683,63146,58999,58542,2565,82.17,1.29,NA,NA,NA,NA,NA,NA,NA,NA,NA,NA,NA
4/24/2021,663,687,52384,55271,58730,2572,83.75,#N/A,NA,NA,NA,NA,NA,NA,NA,NA,NA,NA,NA
4/25/2021,433,677,41508,54042,58843,2582,83.53,1.24,NA,NA,NA,NA,NA,NA,NA,NA,NA,NA,NA
4/26/2021,487,677,39932,54596,59015,2592,83.53,1.19,NA,NA,NA,NA,NA,NA,NA,NA,NA,NA,NA
4/27/2021,541,649,50563,53548,59225,2598,83.86,1.16,NA,NA,NA,NA,NA,NA,NA,NA,NA,NA,NA
4/28/2021,848,658,55363,52261,59370,2611,84.67,1.18,NA,NA,NA,NA,NA,NA,NA,NA,NA,NA,NA
4/29/2021,768,655,56395,51327,59576,2618,84.13,1.15,NA,NA,NA,NA,NA,NA,NA,NA,NA,NA,NA
4/30/2021,796,648,55735,50268,59745,2625,85.02,1.24,NA,NA,NA,NA,NA,NA,NA,NA,NA,NA,NA
5/1/2021,626,642,48708,49743,59939,2631,85.76,1.25,30.36,50.332,5.645,36.975,9.1,3.902,331973.601,10.1,5.8,NA,NA
5/2/2021,503,652,36913,49087,60122,2637,84.58,1.23,NA,NA,NA,NA,NA,NA,NA,NA,NA,NA,NA
5/3/2021,474,650,33300,48139,60300,2642,85.43,1.18,NA,NA,NA,NA,NA,NA,NA,NA,NA,NA,NA
5/4/2021,694,672,42781,47027,60563,2648,84.85,1.17,NA,NA,NA,NA,NA,NA,NA,NA,NA,NA,NA
5/5/2021,723,654,45223,45579,60797,2654,85.11,1.16,NA,NA,NA,NA,NA,NA,NA,NA,NA,NA,NA
5/6/2021,671,641,43323,43711,61162,2664,84.12,1.04,NA,NA,NA,NA,NA,NA,NA,NA,NA,NA,NA
5/7/2021,815,643,44980,42175,61455,2673,83.4,1.07,NA,NA,NA,NA,NA,NA,NA,NA,NA,NA,NA
5/8/2021,619,642,37144,40523,61755,2683,83.1,1.07,NA,NA,NA,NA,NA,NA,NA,NA,NA,NA,NA
5/9/2021,406,628,27545,39185,61842,2686,84.51,1.08,NA,NA,NA,NA,NA,NA,NA,NA,NA,NA,NA
5/10/2021,422,621,24670,37952,62063,2698,84.42,1.1,NA,NA,NA,NA,NA,NA,NA,NA,NA,NA,NA
5/11/2021,612,609,33213,36585,62403,2710,81.1,1.13,NA,NA,NA,NA,NA,NA,NA,NA,NA,NA,NA
5/12/2021,702,606,36165,35291,62718,2713,80.15,1.12,NA,NA,NA,NA,NA,NA,NA,NA,NA,NA,NA
5/13/2021,590,595,40723,34920,63045,2721,82.43,1.06,NA,NA,NA,NA,NA,NA,NA,NA,NA,NA,NA
5/14/2021,696,578,35556,33573,63355,2730,83.22,1.06,NA,NA,NA,NA,NA,NA,NA,NA,NA,NA,NA
5/15/2021,437,552,29807,32525,63412,2733,84.52,1.05,NA,NA,NA,NA,NA,NA,NA,NA,NA,NA,NA
5/16/2021,439,556,21552,31669,63484,2742,82.91,1.05,NA,NA,NA,NA,NA,NA,NA,NA,NA,NA,NA
5/17/2021,373,549,19602,30945,63598,2745,83.4,#N/A,NA,NA,NA,NA,NA,NA,NA,NA,NA,NA,NA
5/18/2021,604,548,27925,30190,63819,2751,82.9,1.05,NA,NA,NA,NA,NA,NA,NA,NA,NA,NA,NA
5/19/2021,607,535,27857,29003,64122,2762,81.94,1.1,NA,NA,NA,NA,NA,NA,NA,NA,NA,NA,NA
5/20/2021,528,526,28119,27202,64575,2772,82.85,1.09,NA,NA,NA,NA,NA,NA,NA,NA,NA,NA,NA
5/21/2021,674,523,28189,26150,65080,2782,80.67,1.08,NA,NA,NA,NA,NA,NA,NA,NA,NA,NA,NA
5/22/2021,401,518,22317,25080,65486,2792,82.45,1.07,NA,NA,NA,NA,NA,NA,NA,NA,NA,NA,NA
5/23/2021,289,496,16015,24289,65728,2802,80.24,1.02,NA,NA,NA,NA,NA,NA,NA,NA,NA,NA,NA
5/24/2021,353,493,15388,23687,66275,2812,80.97,1,NA,NA,NA,NA,NA,NA,NA,NA,NA,NA,NA
5/25/2021,506,479,24409,23184,66903,2836,83.43,1.07,NA,NA,NA,NA,NA,NA,NA,NA,NA,NA,NA
5/26/2021,525,468,23731,22595,67743,2855,82.37,1,NA,NA,NA,NA,NA,NA,NA,NA,NA,NA,NA
5/27/2021,544,470,22260,21758,68366,2869,82.05,#N/A,NA,NA,NA,NA,NA,NA,NA,NA,NA,NA,NA
5/28/2021,707,475,24886,21286,69130,2881,72.37,0.98,NA,NA,NA,NA,NA,NA,NA,NA,NA,NA,NA
5/29/2021,310,462,15737,20346,70111,2899,73.34,1.01,NA,NA,NA,NA,NA,NA,NA,NA,NA,NA,NA
5/30/2021,255,457,12399,19830,70761,2919,70.86,0.91,NA,NA,NA,NA,NA,NA,NA,NA,NA,NA,NA
5/31/2021,228,439,9353,18967,71838,2944,69.53,0.87,NA,NA,NA,NA,NA,NA,NA,NA,NA,NA,NA
6/1/2021,337,415,9138,16786,72977,2973,70.56,0.81,30.52,46.188,6.301,41.393,9.2,4.062,332043.302,9.8,5.9,NA,NA
6/2/2021,500,411,16339,15730,74026,3007,70.71,0.75,NA,NA,NA,NA,NA,NA,NA,NA,NA,NA,NA
6/3/2021,475,401,18451,15186,75119,3034,73.38,0.78,NA,NA,NA,NA,NA,NA,NA,NA,NA,NA,NA
6/4/2021,594,385,18740,14308,76628,3068,75.54,0.78,NA,NA,NA,NA,NA,NA,NA,NA,NA,NA,NA
6/5/2021,396,397,14742,14166,77963,3104,75.94,0.84,NA,NA,NA,NA,NA,NA,NA,NA,NA,NA,NA
6/6/2021,425,422,11122,13983,79224,3145,74.1,0.79,NA,NA,NA,NA,NA,NA,NA,NA,NA,NA,NA
6/7/2021,324,435,10026,14079,80841,3187,74.98,0.81,NA,NA,NA,NA,NA,NA,NA,NA,NA,NA,NA
6/8/2021,314,432,14421,14834,82326,3251,74.12,0.76,NA,NA,NA,NA,NA,NA,NA,NA,NA,NA,NA
6/9/2021,370,414,19322,15260,84050,3305,73.37,0.77,NA,NA,NA,NA,NA,NA,NA,NA,NA,NA,NA
6/10/2021,391,402,16044,14916,85892,3356,73.71,0.78,NA,NA,NA,NA,NA,NA,NA,NA,NA,NA,NA
6/11/2021,398,374,14170,14263,87716,3412,74.64,0.8,NA,NA,NA,NA,NA,NA,NA,NA,NA,NA,NA
6/12/2021,212,347,12406,13930,88740,3449,72.97,0.75,NA,NA,NA,NA,NA,NA,NA,NA,NA,NA,NA
6/13/2021,148,308,8786,13596,89861,3527,70.51,0.78,NA,NA,NA,NA,NA,NA,NA,NA,NA,NA,NA
6/14/2021,202,290,8364,13359,91458,3612,72.85,0.78,NA,NA,NA,NA,NA,NA,NA,NA,NA,NA,NA
6/15/2021,312,290,12856,13135,93272,3683,74.69,0.78,NA,NA,NA,NA,NA,NA,NA,NA,NA,NA,NA
6/16/2021,341,286,13228,12264,93288,3683,76.26,0.79,NA,NA,NA,NA,NA,NA,NA,NA,NA,NA,NA
6/17/2021,278,270,13540,11907,96531,3842,75.24,#N/A,NA,NA,NA,NA,NA,NA,NA,NA,NA,NA,NA
6/18/2021,273,252,11993,11596,98734,3934,#N/A,0.72,NA,NA,NA,NA,NA,NA,NA,NA,NA,NA,NA
6/19/2021,253,258,12405,11596,100521,4030,#N/A,0.75,NA,NA,NA,NA,NA,NA,NA,NA,NA,NA,NA
6/20/2021,216,267,9093,11639,101906,4122,78.63,0.8,NA,NA,NA,NA,NA,NA,NA,NA,NA,NA,NA
6/21/2021,275,278,8737,11693,103902,4215,78.61,0.79,NA,NA,NA,NA,NA,NA,NA,NA,NA,NA,NA
6/22/2021,309,277,13498,11784,105749,4293,77.24,0.79,NA,NA,NA,NA,NA,NA,NA,NA,NA,NA,NA
6/23/2021,338,277,13907,11881,107957,4366,78.25,0.85,NA,NA,NA,NA,NA,NA,NA,NA,NA,NA,NA
6/24/2021,316,282,15630,12180,109532,4452,79.39,0.89,NA,NA,NA,NA,NA,NA,NA,NA,NA,NA,NA
6/25/2021,394,300,15105,12625,111592,4519,80.6,0.88,NA,NA,NA,NA,NA,NA,NA,NA,NA,NA,NA
6/26/2021,241,298,13272,12748,113124,4594,81.99,0.85,NA,NA,NA,NA,NA,NA,NA,NA,NA,NA,NA
6/27/2021,175,292,10653,12971,114220,4650,82.28,0.89,NA,NA,NA,NA,NA,NA,NA,NA,NA,NA,NA
6/28/2021,191,280,10635,13242,115751,4730,81.56,0.86,NA,NA,NA,NA,NA,NA,NA,NA,NA,NA,NA
6/29/2021,277,276,15735,13562,117158,4794,84.98,0.85,NA,NA,NA,NA,NA,NA,NA,NA,NA,NA,NA
6/30/2021,244,262,11706,13248,118659,4871,85.83,0.82,NA,NA,NA,NA,NA,NA,NA,NA,NA,NA,NA
7/1/2021,289,258,18729,13690,120216,4962,85.8,0.79,30.67,45.891,9.015,43.981,8.2,4.094,332140.523,9.2,5.4,19478.893,28428919
7/2/2021,302,245,16962,13956,122156,5048,87.17,0.79,NA,NA,NA,NA,NA,NA,NA,NA,NA,NA,NA
7/3/2021,153,233,13257,13953,123485,5107,87.82,#N/A,NA,NA,NA,NA,NA,NA,NA,NA,NA,NA,NA
7/4/2021,123,225,10505,13932,124748,5199,88.83,0.81,NA,NA,NA,NA,NA,NA,NA,NA,NA,NA,NA
7/5/2021,106,213,9321,13745,125937,5283,89.64,0.79,NA,NA,NA,NA,NA,NA,NA,NA,NA,NA,NA
7/6/2021,303,217,20143,14374,127464,5360,89.75,0.75,NA,NA,NA,NA,NA,NA,NA,NA,NA,NA,NA
7/7/2021,253,218,22806,15960,129021,5415,89.75,0.74,NA,NA,NA,NA,NA,NA,NA,NA,NA,NA,NA
7/8/2021,265,215,28104,17299,130113,5477,87.74,0.76,NA,NA,NA,NA,NA,NA,NA,NA,NA,NA,NA
7/9/2021,312,216,27772,18844,131586,5561,89.49,0.76,NA,NA,NA,NA,NA,NA,NA,NA,NA,NA,NA
7/10/2021,145,215,20943,19942,132777,5638,91.22,0.72,NA,NA,NA,NA,NA,NA,NA,NA,NA,NA,NA
7/11/2021,117,214,16727,20830,133578,5724,90.7,0.63,NA,NA,NA,NA,NA,NA,NA,NA,NA,NA,NA
7/12/2021,305,242,29274,23681,134653,5791,91.47,0.63,NA,NA,NA,NA,NA,NA,NA,NA,NA,NA,NA
7/13/2021,337,247,35189,25830,135889,5849,92.35,0.61,NA,NA,NA,NA,NA,NA,NA,NA,NA,NA,NA
7/14/2021,339,260,38486,28070,136643,5923,90.24,0.63,NA,NA,NA,NA,NA,NA,NA,NA,NA,NA,NA
7/15/2021,321,268,40709,29871,137853,5983,91.43,0.62,NA,NA,NA,NA,NA,NA,NA,NA,NA,NA,NA
7/16/2021,368,276,42463,31970,139051,6072,92.99,0.63,NA,NA,NA,NA,NA,NA,NA,NA,NA,NA,NA
7/17/2021,179,280,32321,33595,140224,6098,96.86,0.62,NA,NA,NA,NA,NA,NA,NA,NA,NA,NA,NA
7/18/2021,148,285,28341,35254,140602,6147,97.28,0.62,NA,NA,NA,NA,NA,NA,NA,NA,NA,NA,NA
7/19/2021,287,282,45194,37529,141499,6213,96.07,0.61,NA,NA,NA,NA,NA,NA,NA,NA,NA,NA,NA
7/20/2021,323,280,51104,39802,142414,6266,94.95,0.58,NA,NA,NA,NA,NA,NA,NA,NA,NA,NA,NA
7/21/2021,396,288,61556,43098,142762,6293,96.37,0.42,NA,NA,NA,NA,NA,NA,NA,NA,NA,NA,NA
7/22/2021,345,292,71874,47550,143183,6325,97.5,0.42,NA,NA,NA,NA,NA,NA,NA,NA,NA,NA,NA
7/23/2021,414,298,69752,51448,143439,6357,101.66,0.4,NA,NA,NA,NA,NA,NA,NA,NA,NA,NA,NA
7/24/2021,245,308,53986,54543,143666,6393,98.43,0.47,NA,NA,NA,NA,NA,NA,NA,NA,NA,NA,NA
7/25/2021,249,322,43523,56712,143871,6425,97.44,0.51,NA,NA,NA,NA,NA,NA,NA,NA,NA,NA,NA
7/26/2021,418,341,71430,60460,144285,6477,95.28,0.48,NA,NA,NA,NA,NA,NA,NA,NA,NA,NA,NA
7/27/2021,503,367,86169,65470,145008,6515,96.18,0.45,NA,NA,NA,NA,NA,NA,NA,NA,NA,NA,NA
7/28/2021,493,381,89594,69475,145552,6577,98.95,#N/A,NA,NA,NA,NA,NA,NA,NA,NA,NA,NA,NA
7/29/2021,503,403,99701,73450,145996,6615,98.73,0.38,NA,NA,NA,NA,NA,NA,NA,NA,NA,NA,NA
7/30/2021,651,437,105144,78506,146523,6677,99.29,0.41,NA,NA,NA,NA,NA,NA,NA,NA,NA,NA,NA
7/31/2021,399,459,81137,82385,147154,6708,101.29,0.42,NA,NA,NA,NA,NA,NA,NA,NA,NA,NA,NA
8/1/2021,372,477,61932,85015,147501,6737,98.56,0.42,30.76,48.673,9.773,44.791,8.7,4.102,332243.92,8.8,5.2,NA,NA
8/2/2021,656,511,102590,89466,147985,6774,103.08,0.39,NA,NA,NA,NA,NA,NA,NA,NA,NA,NA,NA
8/3/2021,707,540,110719,92973,148572,6804,110.93,0.41,NA,NA,NA,NA,NA,NA,NA,NA,NA,NA,NA
8/4/2021,745,576,127757,98425,148933,6836,118.94,0.36,NA,NA,NA,NA,NA,NA,NA,NA,NA,NA,NA
8/5/2021,763,613,128777,102579,149361,6864,115.36,0.33,NA,NA,NA,NA,NA,NA,NA,NA,NA,NA,NA
8/6/2021,843,640,126607,105645,149810,6879,123.86,0.24,NA,NA,NA,NA,NA,NA,NA,NA,NA,NA,NA
8/7/2021,645,675,120848,111318,150240,6897,129.02,0.23,NA,NA,NA,NA,NA,NA,NA,NA,NA,NA,NA
8/8/2021,529,698,97552,116407,150458,6908,133.18,0.23,NA,NA,NA,NA,NA,NA,NA,NA,NA,NA,NA
8/9/2021,729,708,93500,115108,150778,6936,116.58,0.26,NA,NA,NA,NA,NA,NA,NA,NA,NA,NA,NA
8/10/2021,968,746,136257,118756,151013,6961,114.54,0.26,NA,NA,NA,NA,NA,NA,NA,NA,NA,NA,NA
8/11/2021,603,725,144557,121156,151291,6978,118.11,0.25,NA,NA,NA,NA,NA,NA,NA,NA,NA,NA,NA
8/12/2021,997,759,152322,124520,151563,6988,110.39,0.27,NA,NA,NA,NA,NA,NA,NA,NA,NA,NA,NA
8/13/2021,1186,808,147291,127475,151770,7000,105.14,0.3,NA,NA,NA,NA,NA,NA,NA,NA,NA,NA,NA
8/14/2021,895,843,140680,130308,151941,7010,104.61,0.24,NA,NA,NA,NA,NA,NA,NA,NA,NA,NA,NA
8/15/2021,681,865,111398,132286,152033,7021,113.5,0.26,NA,NA,NA,NA,NA,NA,NA,NA,NA,NA,NA
8/16/2021,853,883,109461,134566,152142,7025,114.32,0.17,NA,NA,NA,NA,NA,NA,NA,NA,NA,NA,NA
8/17/2021,1203,916,150820,136647,152243,7031,122.29,0.18,NA,NA,NA,NA,NA,NA,NA,NA,NA,NA,NA
8/18/2021,1495,1044,167896,139981,152363,7043,121.53,0.2,NA,NA,NA,NA,NA,NA,NA,NA,NA,NA,NA
8/19/2021,1365,1096,175682,143318,152411,7047,127.52,0.19,NA,NA,NA,NA,NA,NA,NA,NA,NA,NA,NA
8/20/2021,1570,1151,167489,146203,152448,7054,123.98,0.21,NA,NA,NA,NA,NA,NA,NA,NA,NA,NA,NA
8/21/2021,1179,1192,144799,146792,152497,7065,122.67,0.18,NA,NA,NA,NA,NA,NA,NA,NA,NA,NA,NA
8/22/2021,892,1222,127764,149130,152511,7070,114.5,0.11,NA,NA,NA,NA,NA,NA,NA,NA,NA,NA,NA
8/23/2021,1130,1262,116531,150140,152583,7076,,,NA,NA,NA,NA,NA,NA,NA,NA,NA,NA,NA
8/24/2021,1665,1328,163469,151947,152660,7083,,,NA,NA,NA,NA,NA,NA,NA,NA,NA,NA,NA
8/25/2021,1654,1350,178072,153400,152722,7090,,,NA,NA,NA,NA,NA,NA,NA,NA,NA,NA,NA
8/26/2021,1765,1407,187239,155051,152822,7093,,,NA,NA,NA,NA,NA,NA,NA,NA,NA,NA,NA
8/27/2021,1813,1442,182963,157262,152960,7101,,,NA,NA,NA,NA,NA,NA,NA,NA,NA,NA,NA
8/28/2021,1473,1484,153224,158466,153007,7103,,,NA,NA,NA,NA,NA,NA,NA,NA,NA,NA,NA
8/29/2021,1161,1523,118942,157205,153033,7109,,,NA,NA,NA,NA,NA,NA,NA,NA,NA,NA,NA
8/30/2021,1209,1534,133442,159621,153148,7116,,,NA,NA,NA,NA,NA,NA,NA,NA,NA,NA,NA
8/31/2021,1760,1547,176981,161551,153220,7118,,,NA,NA,NA,NA,NA,NA,NA,NA,NA,NA,NA
9/1/2021,1996,1596,198857,164521,153260,7123,,,30.92,48.972,11.985,44.714,7.8,4.226,332346.796,8.5,4.7,NA,NA
9/2/2021,2021,1633,182206,163802,153306,7127,,,NA,NA,NA,NA,NA,NA,NA,NA,NA,NA,NA
9/3/2021,1939,1651,183556,163886,153375,7127,,,NA,NA,NA,NA,NA,NA,NA,NA,NA,NA,NA
9/4/2021,1505,1655,144499,162640,153395,7128,,,NA,NA,NA,NA,NA,NA,NA,NA,NA,NA,NA
9/5/2021,1284,1673,125551,163584,153423,7132,,,NA,NA,NA,NA,NA,NA,NA,NA,NA,NA,NA
9/6/2021,1062,1652,109515,160166,153534,7141,,,NA,NA,NA,NA,NA,NA,NA,NA,NA,NA,NA
9/7/2021,1468,1610,117784,151709,153626,7144,,,NA,NA,NA,NA,NA,NA,NA,NA,NA,NA,NA
9/8/2021,2074,1621,169956,147581,153736,7151,,,NA,NA,NA,NA,NA,NA,NA,NA,NA,NA,NA
9/9/2021,2250,1654,184629,147927,153840,7157,,,NA,NA,NA,NA,NA,NA,NA,NA,NA,NA,NA
9/10/2021,2252,1699,171780,146244,153962,7164,,,NA,NA,NA,NA,NA,NA,NA,NA,NA,NA,NA
9/11/2021,1758,1735,155334,147792,153982,7167,,,NA,NA,NA,NA,NA,NA,NA,NA,NA,NA,NA
9/12/2021,1146,1715,116715,146530,153990,7167,,,NA,NA,NA,NA,NA,NA,NA,NA,NA,NA,NA
9/13/2021,1293,1748,112365,146937,154094,7169,,,NA,NA,NA,NA,NA,NA,NA,NA,NA,NA,NA
9/14/2021,2433,1886,162470,153321,154180,7171,,,NA,NA,NA,NA,NA,NA,NA,NA,NA,NA,NA
9/15/2021,2397,1932,163138,152347,154283,7174,,,NA,NA,NA,NA,NA,NA,NA,NA,NA,NA,NA
9/16/2021,2082,1908,167550,149907,154361,7183,,,NA,NA,NA,NA,NA,NA,NA,NA,NA,NA,NA
9/17/2021,2295,1914,157901,147924,154487,7186,,,NA,NA,NA,NA,NA,NA,NA,NA,NA,NA,NA
9/18/2021,1623,1895,125442,143654,154487,7186,,,NA,NA,NA,NA,NA,NA,NA,NA,NA,NA,NA
9/19/2021,1188,1901,97853,140959,154487,7186,,,NA,NA,NA,NA,NA,NA,NA,NA,NA,NA,NA
9/20/2021,1291,1901,92530,138126,154585,7199,,,NA,NA,NA,NA,NA,NA,NA,NA,NA,NA,NA
9/21/2021,2334,1887,135076,134212,154712,7199,,,NA,NA,NA,NA,NA,NA,NA,NA,NA,NA,NA
9/22/2021,2297,1872,132570,129846,154757,7199,,,NA,NA,NA,NA,NA,NA,NA,NA,NA,NA,NA
9/23/2021,2061,1869,136325,125385,154800,7199,,,NA,NA,NA,NA,NA,NA,NA,NA,NA,NA,NA
9/24/2021,2400,1884,133300,121870,154960,7199,,,NA,NA,NA,NA,NA,NA,NA,NA,NA,NA,NA
9/25/2021,1454,1860,98279,117990,154960,7199,,,NA,NA,NA,NA,NA,NA,NA,NA,NA,NA,NA
9/26/2021,1027,1837,77724,115114,154960,7199,,,NA,NA,NA,NA,NA,NA,NA,NA,NA,NA,NA
9/27/2021,1472,1863,101754,116432,155072,7200,,,NA,NA,NA,NA,NA,NA,NA,NA,NA,NA,NA
9/28/2021,2130,1834,116619,113795,155093,7201,,,NA,NA,NA,NA,NA,NA,NA,NA,NA,NA,NA
9/29/2021,2206,1821,116575,111510,155128,7204,,,NA,NA,NA,NA,NA,NA,NA,NA,NA,NA,NA
9/30/2021,1930,1802,122980,109604,155174,7204,,,NA,NA,NA,NA,NA,NA,NA,NA,NA,NA,NA
10/1/2021,2150,1767,121206,107876,155191,7206,,,31.11,58.575,13.757,43.949,7.8,4.778,332458.604,8.2,4.6,19806.29,29617215
10/2/2021,1331,1749,83801,105808,155191,7206,,,NA,NA,NA,NA,NA,NA,NA,NA,NA,NA,NA
10/3/2021,956,1739,68490,104489,155191,7206,,,NA,NA,NA,NA,NA,NA,NA,NA,NA,NA,NA
10/4/2021,1227,1704,86114,102255,155287,7212,,,NA,NA,NA,NA,NA,NA,NA,NA,NA,NA,NA
10/5/2021,2054,1693,104390,100508,155309,7214,,,NA,NA,NA,NA,NA,NA,NA,NA,NA,NA,NA
10/6/2021,1988,1662,106948,99132,155380,7220,,,NA,NA,NA,NA,NA,NA,NA,NA,NA,NA,NA
10/7/2021,1733,1634,112542,97641,155429,7221,,,NA,NA,NA,NA,NA,NA,NA,NA,NA,NA,NA
10/8/2021,2235,1646,107813,95728,155448,7221,,,NA,NA,NA,NA,NA,NA,NA,NA,NA,NA,NA
10/9/2021,1072,1609,71754,94007,155466,7221,,,NA,NA,NA,NA,NA,NA,NA,NA,NA,NA,NA
10/10/2021,740,1578,60224,92826,155508,7225,,,NA,NA,NA,NA,NA,NA,NA,NA,NA,NA,NA
10/11/2021,909,1533,74224,91127,155540,7228,,,NA,NA,NA,NA,NA,NA,NA,NA,NA,NA,NA
10/12/2021,1944,1517,89593,89014,155599,7230,,,NA,NA,NA,NA,NA,NA,NA,NA,NA,NA,NA
10/13/2021,1780,1487,96047,87456,155627,7234,,,NA,NA,NA,NA,NA,NA,NA,NA,NA,NA,NA
10/14/2021,1558,1462,96506,85165,155682,7238,,,NA,NA,NA,NA,NA,NA,NA,NA,NA,NA,NA
10/15/2021,1984,1426,90778,82732,155688,7238,,,NA,NA,NA,NA,NA,NA,NA,NA,NA,NA,NA
10/16/2021,929,1406,64121,81641,155739,7238,,,NA,NA,NA,NA,NA,NA,NA,NA,NA,NA,NA
10/17/2021,706,1401,49454,80103,155764,7243,,,NA,NA,NA,NA,NA,NA,NA,NA,NA,NA,NA
10/18/2021,1257,1451,69277,79396,155776,7246,,,NA,NA,NA,NA,NA,NA,NA,NA,NA,NA,NA
10/19/2021,1845,1437,80506,78098,155801,7247,,,NA,NA,NA,NA,NA,NA,NA,NA,NA,NA,NA
10/20/2021,1752,1433,76168,75258,155859,7247,,,NA,NA,NA,NA,NA,NA,NA,NA,NA,NA,NA
10/21/2021,1534,1429,87269,73939,155891,7249,,,NA,NA,NA,NA,NA,NA,NA,NA,NA,NA,NA
10/22/2021,1875,1414,81449,72606,155931,7252,,,NA,NA,NA,NA,NA,NA,NA,NA,NA,NA,NA
10/23/2021,667,1376,36503,68660,155940,7253,,,NA,NA,NA,NA,NA,NA,NA,NA,NA,NA,NA
10/24/2021,343,1324,28145,65616,155944,7255,,,NA,NA,NA,NA,NA,NA,NA,NA,NA,NA,NA
10/25/2021,992,1286,84080,67731,156040,7260,,,NA,NA,NA,NA,NA,NA,NA,NA,NA,NA,NA
10/26/2021,2017,1311,102037,70807,156071,7262,,,NA,NA,NA,NA,NA,NA,NA,NA,NA,NA,NA
10/27/2021,1707,1305,83836,71902,156124,7266,,,NA,NA,NA,NA,NA,NA,NA,NA,NA,NA,NA
10/28/2021,1277,1268,81675,71103,156166,7268,,,NA,NA,NA,NA,NA,NA,NA,NA,NA,NA,NA
10/29/2021,1737,1248,88249,72075,156196,7269,,,NA,NA,NA,NA,NA,NA,NA,NA,NA,NA,NA
10/30/2021,448,1217,34455,71782,156210,7272,,,NA,NA,NA,NA,NA,NA,NA,NA,NA,NA,NA
10/31/2021,303,1211,25442,71396,156250,7280,,,NA,NA,NA,NA,NA,NA,NA,NA,NA,NA,NA
11/1/2021,1141,1232,109746,75062,156284,7281,,,31.23,64.898,15.677,43.861,6.5,5.349,332566.553,7.7,4.2,NA,NA
11/2/2021,1433,1149,74281,71097,156307,7281,,,NA,NA,NA,NA,NA,NA,NA,NA,NA,NA,NA
11/3/2021,1444,1111,78884,70390,156323,7284,,,NA,NA,NA,NA,NA,NA,NA,NA,NA,NA,NA
11/4/2021,1207,1101,88473,71361,156363,7284,,,NA,NA,NA,NA,NA,NA,NA,NA,NA,NA,NA
11/5/2021,1563,1077,89605,71555,156392,7284,,,NA,NA,NA,NA,NA,NA,NA,NA,NA,NA,NA
11/6/2021,477,1081,35476,71701,156397,7284,,,NA,NA,NA,NA,NA,NA,NA,NA,NA,NA,NA
11/7/2021,253,1074,31362,72546,156397,7284,,,NA,NA,NA,NA,NA,NA,NA,NA,NA,NA,NA
11/8/2021,1147,1074,116544,73517,156397,7288,,,NA,NA,NA,NA,NA,NA,NA,NA,NA,NA,NA
11/9/2021,1594,1097,82635,74711,156397,7290,,,NA,NA,NA,NA,NA,NA,NA,NA,NA,NA,NA
11/10/2021,1252,1070,91976,76581,156414,7291,,,NA,NA,NA,NA,NA,NA,NA,NA,NA,NA,NA
11/11/2021,965,1035,73245,74406,156456,7292,,,NA,NA,NA,NA,NA,NA,NA,NA,NA,NA,NA
11/12/2021,1698,1055,122735,79139,156487,7292,,,NA,NA,NA,NA,NA,NA,NA,NA,NA,NA,NA
11/13/2021,551,1065,53573,81724,156510,7292,,,NA,NA,NA,NA,NA,NA,NA,NA,NA,NA,NA
11/14/2021,216,1060,33611,82045,156552,7293,,,NA,NA,NA,NA,NA,NA,NA,NA,NA,NA,NA
11/15/2021,1036,1044,133534,84472,156610,7294,,,NA,NA,NA,NA,NA,NA,NA,NA,NA,NA,NA
11/16/2021,1458,1025,98332,86715,156649,7295,,,NA,NA,NA,NA,NA,NA,NA,NA,NA,NA,NA
11/17/2021,1267,1027,105025,88579,156739,7297,,,NA,NA,NA,NA,NA,NA,NA,NA,NA,NA,NA
11/18/2021,1090,1045,113120,94275,156739,7297,,,NA,NA,NA,NA,NA,NA,NA,NA,NA,NA,NA
11/19/2021,1591,1029,113653,92978,156812,7299,,,NA,NA,NA,NA,NA,NA,NA,NA,NA,NA,NA
11/20/2021,373,1004,45742,91859,156864,7301,,,NA,NA,NA,NA,NA,NA,NA,NA,NA,NA,NA
11/21/2021,173,998,38266,92524,156896,7303,,,NA,NA,NA,NA,NA,NA,NA,NA,NA,NA,NA
11/22/2021,1128,1011,145390,94218,156911,7303,,,NA,NA,NA,NA,NA,NA,NA,NA,NA,NA,NA
11/23/2021,1552,1024,100814,94572,157015,7305,,,NA,NA,NA,NA,NA,NA,NA,NA,NA,NA,NA
11/24/2021,1221,1018,106534,94788,157032,7306,,,NA,NA,NA,NA,NA,NA,NA,NA,NA,NA,NA
11/25/2021,469,929,71990,88912,157144,7307,,,NA,NA,NA,NA,NA,NA,NA,NA,NA,NA,NA
11/26/2021,558,782,81693,84347,157171,7307,,,NA,NA,NA,NA,NA,NA,NA,NA,NA,NA,NA
11/27/2021,215,759,51811,85214,157190,7308,,,NA,NA,NA,NA,NA,NA,NA,NA,NA,NA,NA
11/28/2021,189,761,56485,87816,157218,7308,,,NA,NA,NA,NA,NA,NA,NA,NA,NA,NA,NA
11/29/2021,1608,830,94268,80513,157260,7308,,,NA,NA,NA,NA,NA,NA,NA,NA,NA,NA,NA
11/30/2021,1611,838,120911,83384,157289,7308,,,NA,NA,NA,NA,NA,NA,NA,NA,NA,NA,NA
12/1/2021,1557,886,133580,87248,157359,7309,,,31.38,59.904,16.198,44.258,7.1,5.598,332629.61,7.3,3.9,NA,NA
12/2/2021,1242,997,144108,97550,157387,7310,,,NA,NA,NA,NA,NA,NA,NA,NA,NA,NA,NA
12/3/2021,1473,1127,151702,107552,157412,7311,,,NA,NA,NA,NA,NA,NA,NA,NA,NA,NA,NA
12/4/2021,569,1178,67359,109773,157431,7312,,,NA,NA,NA,NA,NA,NA,NA,NA,NA,NA,NA
12/5/2021,274,1190,55425,109621,157454,7312,,,NA,NA,NA,NA,NA,NA,NA,NA,NA,NA,NA
12/6/2021,1255,1140,183757,122406,157499,7316,,,NA,NA,NA,NA,NA,NA,NA,NA,NA,NA,NA
12/7/2021,1849,1174,126247,123168,157508,7317,,,NA,NA,NA,NA,NA,NA,NA,NA,NA,NA,NA
12/8/2021,1285,1135,129999,122656,157542,7319,,,NA,NA,NA,NA,NA,NA,NA,NA,NA,NA,NA
12/9/2021,1157,1123,137522,121715,157585,7321,,,NA,NA,NA,NA,NA,NA,NA,NA,NA,NA,NA
12/10/2021,1825,1173,134244,119221,157603,7324,,,NA,NA,NA,NA,NA,NA,NA,NA,NA,NA,NA
12/11/2021,493,1162,64120,118759,157611,7325,,,NA,NA,NA,NA,NA,NA,NA,NA,NA,NA,NA
12/12/2021,303,1166,58246,119162,157633,7328,,,NA,NA,NA,NA,NA,NA,NA,NA,NA,NA,NA
12/13/2021,1269,1168,186731,119587,157648,7328,,,NA,NA,NA,NA,NA,NA,NA,NA,NA,NA,NA
12/14/2021,1911,1177,124560,119346,157660,7329,,,NA,NA,NA,NA,NA,NA,NA,NA,NA,NA,NA
12/15/2021,1666,1232,146619,121720,157665,7331,,,NA,NA,NA,NA,NA,NA,NA,NA,NA,NA,NA
12/16/2021,1105,1224,162169,125241,157725,7332,,,NA,NA,NA,NA,NA,NA,NA,NA,NA,NA,NA
12/17/2021,1852,1228,160737,129026,157734,7332,,,NA,NA,NA,NA,NA,NA,NA,NA,NA,NA,NA
12/18/2021,591,1242,89228,132612,157745,7333,,,NA,NA,NA,NA,NA,NA,NA,NA,NA,NA,NA
12/19/2021,276,1238,104955,139285,157787,7335,,,NA,NA,NA,NA,NA,NA,NA,NA,NA,NA,NA
12/20/2021,1376,1253,266479,150678,157797,7335,,,NA,NA,NA,NA,NA,NA,NA,NA,NA,NA,NA
12/21/2021,2259,1303,207798,162569,157816,7335,,,NA,NA,NA,NA,NA,NA,NA,NA,NA,NA,NA
12/22/2021,1554,1287,243531,176413,157841,7341,,,NA,NA,NA,NA,NA,NA,NA,NA,NA,NA,NA
12/23/2021,1015,1274,280019,193249,157878,7346,,,NA,NA,NA,NA,NA,NA,NA,NA,NA,NA,NA
12/24/2021,1362,1204,241106,204730,157887,7348,,,NA,NA,NA,NA,NA,NA,NA,NA,NA,NA,NA
12/25/2021,256,1156,132212,210871,157895,7349,,,NA,NA,NA,NA,NA,NA,NA,NA,NA,NA,NA
12/26/2021,262,1154,217453,226942,157951,7354,,,NA,NA,NA,NA,NA,NA,NA,NA,NA,NA,NA
12/27/2021,1617,1189,466306,255489,157967,7354,,,NA,NA,NA,NA,NA,NA,NA,NA,NA,NA,NA
12/28/2021,2182,1178,401146,283110,157998,7355,,,NA,NA,NA,NA,NA,NA,NA,NA,NA,NA,NA
12/29/2021,1580,1182,488470,318101,158037,7356,,,NA,NA,NA,NA,NA,NA,NA,NA,NA,NA,NA
12/30/2021,1334,1227,602317,364144,158056,7356,,,NA,NA,NA,NA,NA,NA,NA,NA,NA,NA,NA
12/31/2021,1321,1221,466643,396363,158084,7356,,,NA,NA,NA,NA,NA,NA,NA,NA,NA,NA,NA
1/1/2022,415,1244,300944,420468,158107,7356,,,31.56,56.601,18.089,45.336,6.9,5.935,332650.428,7.1,4,NA,NA
1/2/2022,354,1257,415532,448765,158189,7361,,,NA,NA,NA,NA,NA,NA,NA,NA,NA,NA,NA
1/3/2022,1477,1237,909602,512093,158183,7364,,,NA,NA,NA,NA,NA,NA,NA,NA,NA,NA,NA
1/4/2022,2810,1327,735187,559813,158205,7365,,,NA,NA,NA,NA,NA,NA,NA,NA,NA,NA,NA
1/5/2022,1668,1339,720563,592969,158245,7367,,,NA,NA,NA,NA,NA,NA,NA,NA,NA,NA,NA
1/6/2022,2065,1444,810163,622662,158275,7367,,,NA,NA,NA,NA,NA,NA,NA,NA,NA,NA,NA
1/7/2022,2352,1591,862138,679161,158300,7368,,,NA,NA,NA,NA,NA,NA,NA,NA,NA,NA,NA
1/8/2022,856,1654,444274,699637,158309,7369,,,NA,NA,NA,NA,NA,NA,NA,NA,NA,NA,NA
1/9/2022,668,1699,490757,710383,158381,7373,,,NA,NA,NA,NA,NA,NA,NA,NA,NA,NA,NA
1/10/2022,1956,1767,1259946,760432,158394,7373,,,NA,NA,NA,NA,NA,NA,NA,NA,NA,NA,NA
1/11/2022,3199,1823,814320,771737,158471,7374,,,NA,NA,NA,NA,NA,NA,NA,NA,NA,NA,NA
1/12/2022,2191,1898,863393,792141,158511,7376,,,NA,NA,NA,NA,NA,NA,NA,NA,NA,NA,NA
1/13/2022,2146,1909,899960,804969,158602,7376,,,NA,NA,NA,NA,NA,NA,NA,NA,NA,NA,NA
1/14/2022,2818,1976,846749,802771,158639,7376,,,NA,NA,NA,NA,NA,NA,NA,NA,NA,NA,NA
1/15/2022,1374,2050,470875,806571,158678,7378,,,NA,NA,NA,NA,NA,NA,NA,NA,NA,NA,NA
1/16/2022,846,2075,420606,796549,158717,7379,,,NA,NA,NA,NA,NA,NA,NA,NA,NA,NA,NA
1/17/2022,1445,2002,966183,754583,158826,7381,,,NA,NA,NA,NA,NA,NA,NA,NA,NA,NA,NA
1/18/2022,2633,1921,860708,761210,158974,7383,,,NA,NA,NA,NA,NA,NA,NA,NA,NA,NA,NA
1/19/2022,2818,2011,785962,750149,159070,7386,,,NA,NA,NA,NA,NA,NA,NA,NA,NA,NA,NA
1/20/2022,2853,2112,777068,732593,159303,7386,,,NA,NA,NA,NA,NA,NA,NA,NA,NA,NA,NA
1/21/2022,3767,2248,777204,722658,159516,7390,,,NA,NA,NA,NA,NA,NA,NA,NA,NA,NA,NA
1/22/2022,1232,2227,334235,703138,159548,7390,,,NA,NA,NA,NA,NA,NA,NA,NA,NA,NA,NA
1/23/2022,935,2240,318923,688611,159649,7393,,,NA,NA,NA,NA,NA,NA,NA,NA,NA,NA,NA
1/24/2022,2746,2426,1011552,695093,159896,7393,,,NA,NA,NA,NA,NA,NA,NA,NA,NA,NA,NA
1/25/2022,3535,2555,499652,643513,160252,7397,,,NA,NA,NA,NA,NA,NA,NA,NA,NA,NA,NA
1/26/2022,3101,2595,547048,609383,160692,7401,,,NA,NA,NA,NA,NA,NA,NA,NA,NA,NA,NA
1/27/2022,2842,2594,572261,580125,161004,7403,,,NA,NA,NA,NA,NA,NA,NA,NA,NA,NA,NA
1/28/2022,3459,2550,525369,544148,161057,7403,,,NA,NA,NA,NA,NA,NA,NA,NA,NA,NA,NA
1/29/2022,1504,2588,223260,528295,161290,7405,,,NA,NA,NA,NA,NA,NA,NA,NA,NA,NA,NA
1/30/2022,899,2583,160241,505626,162111,7408,,,NA,NA,NA,NA,NA,NA,NA,NA,NA,NA,NA
1/31/2022,2649,2569,574780,443230,162926,7414,,,NA,NA,NA,NA,NA,NA,NA,NA,NA,NA,NA
2/1/2022,4179,2661,299238,414599,163555,7417,,,31.6,56.226,20.62,NA,6.6,6.209,332717.925,7.2,3.8,NA,NA
2/2/2022,3174,2672,305737,380126,164190,7418,,,NA,NA,NA,NA,NA,NA,NA,NA,NA,NA,NA
2/3/2022,2704,2652,351487,348587,164727,7420,,,NA,NA,NA,NA,NA,NA,NA,NA,NA,NA,NA
2/4/2022,3358,2638,268280,311860,165358,7420,,,NA,NA,NA,NA,NA,NA,NA,NA,NA,NA,NA
2/5/2022,1209,2596,106008,295110,165711,7425,,,NA,NA,NA,NA,NA,NA,NA,NA,NA,NA,NA
2/6/2022,671,2563,99140,286381,166191,7432,,,NA,NA,NA,NA,NA,NA,NA,NA,NA,NA,NA
2/7/2022,3239,2647,295476,246480,166924,7442,,,NA,NA,NA,NA,NA,NA,NA,NA,NA,NA,NA
2/8/2022,3770,2589,197904,232004,167739,7454,,,NA,NA,NA,NA,NA,NA,NA,NA,NA,NA,NA
2/9/2022,2970,2560,196957,216464,168550,7465,,,NA,NA,NA,NA,NA,NA,NA,NA,NA,NA,NA
2/10/2022,2554,2538,167826,190227,169448,7477,,,NA,NA,NA,NA,NA,NA,NA,NA,NA,NA,NA
2/11/2022,2860,2467,155337,174092,169940,7478,,,NA,NA,NA,NA,NA,NA,NA,NA,NA,NA,NA
2/12/2022,984,2435,68761,168771,170152,7488,,,NA,NA,NA,NA,NA,NA,NA,NA,NA,NA,NA
2/13/2022,686,2437,48987,161606,170604,7494,,,NA,NA,NA,NA,NA,NA,NA,NA,NA,NA,NA
2/14/2022,2914,2391,174328,144300,171246,7501,,,NA,NA,NA,NA,NA,NA,NA,NA,NA,NA,NA
2/15/2022,3017,2283,109482,131668,171422,7504,,,NA,NA,NA,NA,NA,NA,NA,NA,NA,NA,NA
2/16/2022,2652,2238,106637,118765,171519,7513,,,NA,NA,NA,NA,NA,NA,NA,NA,NA,NA,NA
2/17/2022,2266,2197,100738,109181,171673,7524,,,NA,NA,NA,NA,NA,NA,NA,NA,NA,NA,NA
2/18/2022,2277,2113,103773,101815,171857,7526,,,NA,NA,NA,NA,NA,NA,NA,NA,NA,NA,NA
2/19/2022,727,2077,41687,97947,171931,7534,,,NA,NA,NA,NA,NA,NA,NA,NA,NA,NA,NA
2/20/2022,548,2057,32058,95529,172205,7539,,,NA,NA,NA,NA,NA,NA,NA,NA,NA,NA,NA
2/21/2022,1080,1795,48431,77543,172441,7549,,,NA,NA,NA,NA,NA,NA,NA,NA,NA,NA,NA
2/22/2022,3255,1829,115858,78454,172716,7569,,,NA,NA,NA,NA,NA,NA,NA,NA,NA,NA,NA
2/23/2022,2583,1819,74361,73843,172901,7574,,,NA,NA,NA,NA,NA,NA,NA,NA,NA,NA,NA
2/24/2022,2439,1844,74903,70153,173047,7578,,,NA,NA,NA,NA,NA,NA,NA,NA,NA,NA,NA
2/25/2022,2320,1850,74616,65987,173084,7579,,,NA,NA,NA,NA,NA,NA,NA,NA,NA,NA,NA
2/26/2022,545,1824,26199,63775,173146,7585,,,NA,NA,NA,NA,NA,NA,NA,NA,NA,NA,NA
2/27/2022,326,1792,18278,61806,173395,7593,,,NA,NA,NA,NA,NA,NA,NA,NA,NA,NA,NA
2/28/2022,2166,1947,72055,65181,173659,7598,,,NA,NA,NA,NA,NA,NA,NA,NA,NA,NA,NA
3/1/2022,1951,1761,42446,54694,173879,7609,,,NA,NA,NA,NA,NA,NA,NA,NA,NA,NA,NA
3/2/2022,1742,1641,53260,51679,174073,7617,,,NA,NA,NA,NA,NA,NA,NA,NA,NA,NA,NA
3/3/2022,1295,1477,51981,48405,174214,7619,,,NA,NA,NA,NA,NA,NA,NA,NA,NA,NA,NA
3/4/2022,1529,1364,42925,43877,174214,7619,,,NA,NA,NA,NA,NA,NA,NA,NA,NA,NA,NA
3/5/2022,327,1333,14736,42240,174331,7622,,,NA,NA,NA,NA,NA,NA,NA,NA,NA,NA,NA
3/6/2022,325,1333,9124,40932,174582,7623,,,NA,NA,NA,NA,NA,NA,NA,NA,NA,NA,NA
3/7/2022,1489,1236,55512,38569,175000,7626,,,NA,NA,NA,NA,NA,NA,NA,NA,NA,NA,NA
3/8/2022,1699,1200,30344,36840,175353,7630,,,NA,NA,NA,NA,NA,NA,NA,NA,NA,NA,NA
3/9/2022,1928,1227,46305,35846,175525,7636,,,NA,NA,NA,NA,NA,NA,NA,NA,NA,NA,NA
3/10/2022,1227,1217,39611,34079,175893,7639,,,NA,NA,NA,NA,NA,NA,NA,NA,NA,NA,NA
3/11/2022,1410,1200,36794,33203,175974,7640,,,NA,NA,NA,NA,NA,NA,NA,NA,NA,NA,NA
3/12/2022,532,1230,12316,32858,176039,7641,,,NA,NA,NA,NA,NA,NA,NA,NA,NA,NA,NA
3/13/2022,169,1207,9471,32907,176201,7643,,,NA,NA,NA,NA,NA,NA,NA,NA,NA,NA,NA
3/14/2022,1317,1183,39100,30563,176409,7645,,,NA,NA,NA,NA,NA,NA,NA,NA,NA,NA,NA
3/15/2022,1409,1141,24997,29799,176571,7646,,,NA,NA,NA,NA,NA,NA,NA,NA,NA,NA,NA
3/16/2022,1477,1077,38401,28670,176743,7651,,,NA,NA,NA,NA,NA,NA,NA,NA,NA,NA,NA
3/17/2022,1031,1049,33460,27791,176918,7651,,,NA,NA,NA,NA,NA,NA,NA,NA,NA,NA,NA
3/18/2022,925,980,30311,26865,176983,7651,,,NA,NA,NA,NA,NA,NA,NA,NA,NA,NA,NA
3/19/2022,178,929,10107,26549,177039,7652,,,NA,NA,NA,NA,NA,NA,NA,NA,NA,NA,NA
3/20/2022,109,920,10601,26711,177093,7654,,,NA,NA,NA,NA,NA,NA,NA,NA,NA,NA,NA
3/21/2022,745,839,38981,26694,177191,7654,,,NA,NA,NA,NA,NA,NA,NA,NA,NA,NA,NA
3/22/2022,890,765,24952,26687,177255,7656,,,NA,NA,NA,NA,NA,NA,NA,NA,NA,NA,NA
3/23/2022,1255,733,37222,26519,177321,7657,,,NA,NA,NA,NA,NA,NA,NA,NA,NA,NA,NA
3/24/2022,895,713,34139,26616,177321,7657,,,NA,NA,NA,NA,NA,NA,NA,NA,NA,NA,NA
3/25/2022,739,687,28166,26309,177321,7657,,,NA,NA,NA,NA,NA,NA,NA,NA,NA,NA,NA
3/26/2022,146,682,9243,26186,177321,7657,,,NA,NA,NA,NA,NA,NA,NA,NA,NA,NA,NA
3/27/2022,56,675,10596,26185,177520,7662,,,NA,NA,NA,NA,NA,NA,NA,NA,NA,NA,NA
3/28/2022,742,674,35348,25666,177602,7663,,,NA,NA,NA,NA,NA,NA,NA,NA,NA,NA,NA
3/29/2022,682,645,22051,25252,177658,7665,,,NA,NA,NA,NA,NA,NA,NA,NA,NA,NA,NA
3/30/2022,1154,630,40563,25729,177716,7667,,,NA,NA,NA,NA,NA,NA,NA,NA,NA,NA,NA
3/31/2022,721,605,35893,25980,177747,7670,,,NA,NA,NA,NA,NA,NA,NA,NA,NA,NA,NA
4/1/2022,NA,NA,NA,NA,177782,7670,,,NA,NA,NA,NA,NA,NA,NA,NA,NA,NA,NA
6/1/2019,NA,NA,NA,NA,NA,NA,NA,NA,27.94,-6.807,4.688,6.565,5.8,1.891,328331.949,7.2,3.6,NA,NA
9/1/2019,NA,NA,NA,NA,NA,NA,NA,NA,28.15,-10.322,4.506,6.527,5.4,1.892,328814.479,6.9,3.5,NA,NA
12/1/2019,NA,NA,NA,NA,NA,NA,NA,NA,28.37,7.153,4.37,7.552,6,1.818,329255.444,6.8,3.6,NA,NA
2/1/2020,NA,NA,NA,NA,NA,NA,NA,NA,28.56,5.42,4.514,8.774,6,2.119,329474.136,7,3.5,NA,NA
